VendorNumber,VendorName,Brand,Description,actual_price,purchase_price,total_purchase_qty,total_purchase_dollars,total_sales_qty,total_sales_dollars,avg_sales_price,total_excise_tax,freight_cost,gross_profit,profit_margin,stock_turnover,unsold_inventory_value
1,Diageo,1001,Jack Daniels Old No.7,18.50583333333333,247.7,1186,19534.29,1003,25064.6,25.0175,45.06,9013.38,5530.31,22.06,0.8457,3386.57
1,Diageo,1002,Jim Beam White,12.042499999999999,139.7,1192,12789.62,1036,16574.57,15.932258064516128,24.71,9013.38,3784.95,22.84,0.8691,1878.63
1,Diageo,1003,Johnnie Walker Black,27.86,200.72,618,15737.97,546,21362.46,37.823125,30.27,9013.38,5624.49,26.33,0.8835,2005.92
1,Diageo,1004,Bacardi Superior Rum,10.526666666666666,112.17,778,7268.21,678,9465.97,14.143,21.2,9013.38,2197.76,23.22,0.8715,1052.67
1,Diageo,1005,Grey Goose Vodka,24.138333333333335,216.17,797,17114.54,713,22772.39,32.3108,40.39,9013.38,5657.85,24.85,0.8946,2027.62
1,Diageo,1006,Absolut Vodka,13.917499999999999,100.71000000000001,308,3881.71,248,4547.19,18.19125,14.56,9013.38,665.48,14.63,0.8052,835.05
1,Diageo,1007,Patron Silver Tequila,37.58166666666667,305.74,686,23377.579999999998,618,31369.28,50.905,56.02,9013.38,7991.7,25.48,0.9009,2555.55
1,Diageo,1008,Jose Cuervo Gold,16.0725,129.68,563,8047.73,494,10347.26,21.59,22.68,9013.38,2299.53,22.22,0.8774,1109.0
1,Diageo,1009,Hennessy VS Cognac,32.2675,174.77,512,14980.98,428,18289.82,43.03066666666667,32.26,9013.38,3308.84,18.09,0.8359,2710.47
1,Diageo,1010,Crown Royal Whisky,21.879166666666666,177.96,610,12010.5,536,15740.71,29.450769230769232,38.28,9013.38,3730.21,23.7,0.8787,1619.06
1,Diageo,1011,Woodford Reserve,29.760000000000005,246.78,804,22049.58,691,29160.35,41.64344827586207,60.38,9013.38,7110.77,24.39,0.8595,3362.88
1,Diageo,1012,Makers Mark,20.13,212.47,975,17200.46,827,22351.33,27.229310344827585,39.53,9013.38,5150.87,23.05,0.8482,2979.24
1,Diageo,1013,Bulleit Bourbon,22.037499999999998,255.11,927,18243.420000000002,813,23794.18,29.263666666666666,43.89,9013.38,5550.76,23.33,0.877,2512.27
1,Diageo,1014,Tito's Handmade Vodka,15.112499999999999,106.95,469,6256.43,393,7968.19,20.036666666666665,24.04,9013.38,1711.76,21.48,0.838,1148.55
1,Diageo,1015,Smirnoff No.21,11.128333333333332,139.99,863,8648.66,733,10857.01,14.740689655172414,21.4,9013.38,2208.35,20.34,0.8494,1446.68
1,Diageo,1016,Tanqueray Gin,17.945833333333333,279.7,1136,18839.33,980,24249.29,24.42568181818182,53.71,9013.38,5409.96,22.31,0.8627,2799.55
1,Diageo,1017,Bombay Sapphire,19.925,175.95,742,12981.15,642,16853.16,26.504583333333333,31.8,9013.38,3872.01,22.97,0.8652,1992.5
1,Diageo,1018,Captain Morgan Spiced,14.004166666666668,177.29,1377,17406.45,1225,23272.260000000002,18.835882352941177,32.01,9013.38,5865.81,25.21,0.8896,2128.63
1,Diageo,1019,Malibu Coconut Rum,13.078333333333333,70.22,424,4977.36,383,6638.9,17.38529411764706,14.79,9013.38,1661.54,25.03,0.9033,536.21
1,Diageo,1020,Southern Comfort,14.989166666666668,94.77,750,10198.4,630,12740.77,20.286315789473683,19.27,9013.38,2542.37,19.95,0.84,1798.7
1,Diageo,1021,Baileys Irish Cream,21.896666666666665,156.64,742,14575.24,626,18934.42,29.781052631578948,28.29,9013.38,4359.18,23.02,0.8437,2540.01
1,Diageo,1022,Kahlua Coffee Liqueur,17.9175,227.67,877,14279.22,748,18123.23,24.597352941176467,41.81,9013.38,3844.01,21.21,0.8529,2311.36
1,Diageo,1023,Evan Williams Bourbon,9.995,107.35,886,7881.5,735,9636.18,13.20909090909091,21.82,9013.38,1754.68,18.21,0.8296,1509.24
1,Diageo,1024,Wild Turkey 101,19.013333333333332,139.79,689,11872.62,563,14525.97,26.38,21.12,9013.38,2653.35,18.27,0.8171,2395.68
1,Diageo,1025,Jameson Irish Whiskey,24.9825,226.99,853,19534.52,753,26450.13,34.6225,41.55,9013.38,6915.61,26.15,0.8828,2498.25
1,Diageo,1026,Glenfiddich 12yr,35.86416666666667,394.84,1017,33562.46,921,45506.81,49.15382352941177,83.55,9013.38,11944.35,26.25,0.9056,3442.96
1,Diageo,1027,The Macallan 12yr,55.361666666666665,486.87,848,41483.88,735,55167.81,74.5862962962963,100.67,9013.38,13683.93,24.8,0.8667,6255.87
1,Diageo,1028,Belvedere Vodka,28.144166666666667,254.09,690,17586.83,588,22896.33,38.86533333333333,58.28,9013.38,5309.5,23.19,0.8522,2870.7
1,Diageo,1029,Don Julio Blanco,42.13916666666667,268.29,571,21615.6,476,26322.4,55.484375,44.39,9013.38,4706.8,17.88,0.8336,4003.22
1,Diageo,1030,Casamigos Blanco,40.083333333333336,219.68,381,13871.76,342,18579.05,55.018499999999996,55.01,9013.38,4707.29,25.34,0.8976,1563.25
2,Bacardi,1001,Jack Daniels Old No.7,18.50583333333333,299.63,1281,21349.18,1105,27826.93,25.333783783783783,46.89,10040.55,6477.75,23.28,0.8626,3257.03
2,Bacardi,1002,Jim Beam White,12.042499999999997,119.49,854,9217.65,744,11800.98,16.121935483870967,25.02,10040.55,2583.33,21.89,0.8712,1324.67
2,Bacardi,1003,Johnnie Walker Black,27.859999999999996,351.69,1048,26471.19,897,34188.34,37.888571428571424,66.32,10040.55,7717.15,22.57,0.8559,4206.86
2,Bacardi,1004,Bacardi Superior Rum,10.526666666666666,153.94,1345,12938.19,1160,16390.87,14.3984375,23.06,10040.55,3452.68,21.06,0.8625,1947.43
2,Bacardi,1005,Grey Goose Vodka,24.138333333333335,130.5,402,8693.789999999999,348,11450.03,33.13823529411765,28.17,10040.55,2756.24,24.07,0.8657,1303.47
2,Bacardi,1006,Absolut Vodka,13.917499999999997,138.69,860,10883.34,764,14771.359999999999,19.162916666666664,22.99,10040.55,3888.02,26.32,0.8884,1336.08
2,Bacardi,1007,Patron Silver Tequila,37.58166666666667,379.96999999999997,725,24905.5,586,31074.29,51.89764705882353,88.23,10040.55,6168.79,19.85,0.8083,5223.85
2,Bacardi,1008,Jose Cuervo Gold,16.0725,230.45,1411,20301.1,1253,27518.89,21.862285714285715,38.27,10040.55,7217.79,26.23,0.888,2539.46
2,Bacardi,1009,Hennessy VS Cognac,32.2675,424.61,1004,28205.23,908,37623.67,42.07647058823529,71.54,10040.55,9418.44,25.03,0.9044,3097.68
2,Bacardi,1010,Crown Royal Whisky,21.879166666666666,255.91,1142,22553.98,987,29580.94,29.89090909090909,32.88,10040.55,7026.96,23.76,0.8643,3391.27
2,Bacardi,1011,Woodford Reserve,29.76,300.21,757,20775.71,664,27544.53,40.89625,65.43,10040.55,6768.82,24.57,0.8771,2767.68
2,Bacardi,1012,Makers Mark,20.13,269.83,1182,21145.53,1042,28166.84,27.08813953488372,58.25,10040.55,7021.31,24.93,0.8816,2818.2
2,Bacardi,1013,Bulleit Bourbon,22.037499999999998,159.18,677,13481.03,567,17146.79,30.409499999999998,30.41,10040.55,3665.76,21.38,0.8375,2424.12
2,Bacardi,1014,Tito's Handmade Vodka,15.112499999999997,231.64000000000001,1475,20129.21,1295,26711.66,20.543111111111113,46.24,10040.55,6582.45,24.64,0.878,2720.25
2,Bacardi,1015,Smirnoff No.21,11.128333333333332,137.58,1136,11129.6,936,13701.31,14.682258064516128,22.759999999999998,10040.55,2571.71,18.77,0.8239,2225.67
2,Bacardi,1016,Tanqueray Gin,17.945833333333333,178.3,729,11793.21,596,14245.63,24.057037037037034,32.47,10040.55,2452.42,17.22,0.8176,2386.8
2,Bacardi,1017,Bombay Sapphire,19.925,214.95,1042,18644.91,888,23960.899999999998,26.452592592592595,35.71,10040.55,5315.99,22.19,0.8522,3068.45
2,Bacardi,1018,Captain Morgan Spiced,14.004166666666668,152.91,837,10735.85,715,13456.98,18.7112,23.4,10040.55,2721.13,20.22,0.8542,1708.51
2,Bacardi,1019,Malibu Coconut Rum,13.078333333333335,127.22,641,7438.44,566,9672.37,17.034814814814816,23.02,10040.55,2233.93,23.1,0.883,980.88
2,Bacardi,1020,Southern Comfort,14.989166666666668,189.53,1043,14199.75,904,18077.57,19.93225,39.85,10040.55,3877.82,21.45,0.8667,2083.49
2,Bacardi,1021,Baileys Irish Cream,21.896666666666665,177.20000000000002,725,14322.4,611,17744.07,28.931904761904764,30.38,10040.55,3421.67,19.28,0.8428,2496.22
2,Bacardi,1022,Kahlua Coffee Liqueur,17.9175,160.27,714,11419.64,610,14678.38,23.920416666666668,28.740000000000002,10040.55,3258.74,22.2,0.8543,1863.42
2,Bacardi,1023,Evan Williams Bourbon,9.995,171.14,1311,11755.74,1154,15628.23,13.73090909090909,30.19,10040.55,3872.49,24.78,0.8802,1569.22
2,Bacardi,1024,Wild Turkey 101,19.013333333333332,252.42000000000002,1296,21824.53,1108,28169.62,25.344642857142855,35.51,10040.55,6345.09,22.52,0.8549,3574.51
2,Bacardi,1025,Jameson Irish Whiskey,24.9825,337.99,910,20576.6,784,26048.08,33.3185294117647,56.64,10040.55,5471.48,21.01,0.8615,3147.8
2,Bacardi,1026,Glenfiddich 12yr,35.86416666666667,453.94,1145,37019.51,1032,49718.0,48.404871794871795,94.43,10040.55,12698.49,25.54,0.9013,4052.65
2,Bacardi,1027,The Macallan 12yr,55.36166666666667,593.21,1280,63200.64,1100,81335.81,74.02433333333333,111.04,10040.55,18135.17,22.3,0.8594,9965.1
2,Bacardi,1028,Belvedere Vodka,28.144166666666667,350.03000000000003,1114,27846.059999999998,951,35405.93,37.001463414634145,75.83,10040.55,7559.87,21.35,0.8537,4587.5
2,Bacardi,1029,Don Julio Blanco,42.13916666666667,643.19,1345,50803.64,1189,68391.76,57.47833333333334,120.74,10040.55,17588.12,25.72,0.884,6573.71
2,Bacardi,1030,Casamigos Blanco,40.083333333333336,546.07,1468,53253.58,1304,71074.83,55.66512195121951,114.14,10040.55,17821.25,25.07,0.8883,6573.67
3,Pernod Ricard,1001,Jack Daniels Old No.7,18.50583333333333,301.14,1666,27903.78,1430,36050.58,25.120384615384616,65.29,12307.29,8146.8,22.6,0.8583,4367.38
3,Pernod Ricard,1002,Jim Beam White,12.042499999999999,140.61,955,10261.08,809,13203.7,16.404545454545456,27.06,12307.29,2942.62,22.29,0.8471,1758.2
3,Pernod Ricard,1003,Johnnie Walker Black,27.86,280.46999999999997,1006,25718.41,885,34463.78,38.68333333333333,58.03,12307.29,8745.37,25.38,0.8797,3371.06
3,Pernod Ricard,1004,Bacardi Superior Rum,10.526666666666666,151.0,1160,10973.53,1006,14392.25,14.2484375,22.8,12307.29,3418.72,23.75,0.8672,1621.11
3,Pernod Ricard,1005,Grey Goose Vodka,24.138333333333335,364.2,1320,28281.739999999998,1143,36299.51,31.40952380952381,65.95,12307.29,8017.77,22.09,0.8659,4272.49
3,Pernod Ricard,1006,Absolut Vodka,13.917499999999999,163.77,1316,16550.2,1168,22872.0,19.360833333333332,34.83,12307.29,6321.8,27.64,0.8875,2059.79
3,Pernod Ricard,1007,Patron Silver Tequila,37.58166666666667,755.72,1860,63981.08,1640,85639.87,51.41322033898305,151.72,12307.29,21658.79,25.29,0.8817,8267.97
3,Pernod Ricard,1008,Jose Cuervo Gold,16.0725,276.74,928,13592.71,822,18105.76,21.82775,43.67,12307.29,4513.05,24.93,0.8858,1703.69
3,Pernod Ricard,1009,Hennessy VS Cognac,32.2675,573.33,1325,37826.97,1123,48912.33,42.771136363636366,94.11,12307.29,11085.36,22.66,0.8475,6518.04
3,Pernod Ricard,1010,Crown Royal Whisky,21.879166666666666,194.89,904,17688.71,776,22938.5,29.3372,36.67,12307.29,5249.79,22.89,0.8584,2800.53
3,Pernod Ricard,1011,Woodford Reserve,29.76,632.16,1279,35127.41,1099,45053.84,41.406060606060606,136.64,12307.29,9926.43,22.03,0.8593,5356.8
3,Pernod Ricard,1012,Makers Mark,20.13,378.02,1745,31664.329999999998,1508,40568.07,26.714444444444446,60.09,12307.29,8903.74,21.95,0.8642,4770.81
3,Pernod Ricard,1013,Bulleit Bourbon,22.037499999999998,238.2,934,18626.84,818,24070.2,29.29205882352941,49.79,12307.29,5443.36,22.61,0.8758,2556.35
3,Pernod Ricard,1014,Tito's Handmade Vodka,15.112499999999997,230.67000000000002,1240,16923.829999999998,1079,22078.02,20.515116279069765,44.09,12307.29,5154.19,23.35,0.8702,2433.11
3,Pernod Ricard,1015,Smirnoff No.21,11.128333333333332,187.42,1314,13007.64,1103,16288.36,14.672549019607843,37.41,12307.29,3280.72,20.14,0.8394,2348.08
3,Pernod Ricard,1016,Tanqueray Gin,17.945833333333333,340.28000000000003,1353,22070.66,1179,28786.989999999998,24.303793103448275,70.5,12307.29,6716.33,23.33,0.8714,3122.58
3,Pernod Ricard,1017,Bombay Sapphire,19.925,202.02,760,13970.01,655,18360.34,27.959600000000002,34.96,12307.29,4390.33,23.91,0.8618,2092.12
3,Pernod Ricard,1018,Captain Morgan Spiced,14.004166666666666,163.66,1108,13918.289999999999,975,18121.91,18.588620689655173,26.96,12307.29,4203.62,23.2,0.88,1862.55
3,Pernod Ricard,1019,Malibu Coconut Rum,13.078333333333333,210.41,1507,17600.46,1263,22201.18,17.607727272727274,38.77,12307.29,4600.72,20.72,0.8381,3191.11
3,Pernod Ricard,1020,Southern Comfort,14.989166666666668,202.34,1253,16894.6,1047,20558.72,19.874545454545455,32.82,12307.29,3664.12,17.82,0.8356,3087.77
3,Pernod Ricard,1021,Baileys Irish Cream,21.896666666666665,338.63,1558,30931.52,1347,41161.96,30.39625,60.76,12307.29,10230.44,24.85,0.8646,4620.2
3,Pernod Ricard,1022,Kahlua Coffee Liqueur,17.9175,306.29,1329,21292.84,1128,27221.45,24.079,48.19,12307.29,5928.61,21.78,0.8488,3601.42
3,Pernod Ricard,1023,Evan Williams Bourbon,9.995,195.3,1942,17188.12,1710,22627.71,13.349423076923076,34.71,12307.29,5439.59,24.04,0.8805,2318.84
3,Pernod Ricard,1024,Wild Turkey 101,19.013333333333332,253.53,1206,20369.25,1073,27684.42,25.295,40.47,12307.29,7315.17,26.42,0.8897,2528.77
3,Pernod Ricard,1025,Jameson Irish Whiskey,24.9825,289.39,1216,27147.37,1068,35687.53,33.316388888888895,59.99,12307.29,8540.16,23.93,0.8783,3697.41
3,Pernod Ricard,1026,Glenfiddich 12yr,35.86416666666667,420.27,1146,37330.97,965,46848.28,47.913243243243244,88.65,12307.29,9517.31,20.32,0.8421,6491.41
3,Pernod Ricard,1027,The Macallan 12yr,55.36166666666667,546.62,816,40787.48,717,53508.68,74.7103448275862,108.35,12307.29,12721.2,23.77,0.8787,5480.8
3,Pernod Ricard,1028,Belvedere Vodka,28.144166666666667,325.7,968,24327.23,827,30975.35,37.4351724137931,54.26,12307.29,6648.12,21.46,0.8543,3968.33
3,Pernod Ricard,1029,Don Julio Blanco,42.13916666666667,570.85,1241,47305.14,1011,58041.19,57.92704545454546,127.44,12307.29,10736.05,18.5,0.8147,9692.01
3,Pernod Ricard,1030,Casamigos Blanco,40.083333333333336,606.28,1357,48607.43,1178,63729.51,54.846818181818186,120.67,12307.29,15122.08,23.73,0.8681,7174.92
4,Brown Forman,1001,Jack Daniels Old No.7,18.50583333333333,229.04,975,16067.24,870,21121.04,24.229767441860464,52.09,11794.3,5053.8,23.93,0.8923,1943.11
4,Brown Forman,1002,Jim Beam White,12.042499999999999,163.99,1206,13116.55,1085,17944.25,16.46527777777778,29.65,11794.3,4827.7,26.9,0.8997,1457.14
4,Brown Forman,1003,Johnnie Walker Black,27.86,376.72,1355,33913.0,1199,45683.26,38.03194444444445,68.48,11794.3,11770.26,25.76,0.8849,4346.16
4,Brown Forman,1004,Bacardi Superior Rum,10.526666666666666,133.19,1032,9860.77,898,12745.73,14.169333333333332,21.259999999999998,11794.3,2884.96,22.63,0.8702,1410.57
4,Brown Forman,1005,Grey Goose Vodka,24.138333333333335,233.82999999999998,822,17544.670000000002,703,22583.44,31.589583333333334,37.91,11794.3,5038.77,22.31,0.8552,2872.46
4,Brown Forman,1006,Absolut Vodka,13.917499999999999,152.6,1030,13096.6,901,17455.64,19.301904761904762,20.26,11794.3,4359.04,24.97,0.8748,1795.36
4,Brown Forman,1007,Patron Silver Tequila,37.58166666666667,617.52,1777,60927.39,1587,82423.76,51.70130434782609,118.92,11794.3,21496.37,26.08,0.8931,7140.52
4,Brown Forman,1008,Jose Cuervo Gold,16.0725,187.17,1073,15518.34,943,20526.03,21.605,34.59,11794.3,5007.69,24.4,0.8788,2089.43
4,Brown Forman,1009,Hennessy VS Cognac,32.2675,374.59000000000003,982,28324.78,895,39704.39,43.86945945945946,81.17,11794.3,11379.61,28.66,0.9114,2807.27
4,Brown Forman,1010,Crown Royal Whisky,21.879166666666666,278.0,1157,23233.38,973,29178.51,29.83825,59.72,11794.3,5945.13,20.38,0.841,4025.77
4,Brown Forman,1011,Woodford Reserve,29.76,402.28,786,21230.53,693,28194.58,39.9674358974359,77.94,11794.3,6964.05,24.7,0.8817,2767.68
4,Brown Forman,1012,Makers Mark,20.13,196.72,701,12625.51,621,16944.32,27.191379310344825,39.44,11794.3,4318.81,25.49,0.8859,1610.4
4,Brown Forman,1013,Bulleit Bourbon,22.037499999999998,311.09000000000003,1437,27918.46,1250,36489.09,28.733529411764703,48.86,11794.3,8570.63,23.49,0.8699,4121.01
4,Brown Forman,1014,Tito's Handmade Vodka,15.112499999999999,148.45,795,10761.23,688,14285.32,20.11296296296296,27.150000000000002,11794.3,3524.09,24.67,0.8654,1617.04
4,Brown Forman,1015,Smirnoff No.21,11.128333333333332,100.14,933,9365.43,779,11739.67,14.898888888888889,20.12,11794.3,2374.24,20.22,0.8349,1713.76
4,Brown Forman,1016,Tanqueray Gin,17.945833333333333,207.81,773,12491.59,684,16273.2,23.952571428571428,41.95,11794.3,3781.61,23.24,0.8849,1597.18
4,Brown Forman,1017,Bombay Sapphire,19.925,321.3,1391,24812.25,1202,32824.0,27.451627906976746,59.04,11794.3,8011.75,24.41,0.8641,3765.82
4,Brown Forman,1018,Captain Morgan Spiced,14.004166666666668,239.48,1364,17120.82,1191,22102.63,18.67,41.08,11794.3,4981.81,22.54,0.8732,2422.72
4,Brown Forman,1019,Malibu Coconut Rum,13.078333333333333,211.93,1395,16438.31,1200,21560.51,17.89375,35.76,11794.3,5122.2,23.76,0.8602,2550.28
4,Brown Forman,1020,Southern Comfort,14.989166666666668,216.39,1286,17398.81,1133,22951.76,20.51175,41.02,11794.3,5552.95,24.19,0.881,2293.34
4,Brown Forman,1021,Baileys Irish Cream,21.896666666666665,236.03,1159,22819.41,1002,29585.85,29.378611111111113,52.88,11794.3,6766.44,22.87,0.8645,3437.78
4,Brown Forman,1022,Kahlua Coffee Liqueur,17.9175,245.79,1091,17789.02,914,22243.78,24.465384615384615,47.75,11794.3,4454.76,20.03,0.8378,3171.4
4,Brown Forman,1023,Evan Williams Bourbon,9.995000000000001,116.56,1025,9156.37,945,12479.1,13.331724137931035,19.35,11794.3,3322.73,26.63,0.922,799.6
4,Brown Forman,1024,Wild Turkey 101,19.013333333333332,277.08,1196,20689.88,1052,27026.51,26.02111111111111,58.54,11794.3,6336.63,23.45,0.8796,2737.92
4,Brown Forman,1025,Jameson Irish Whiskey,24.982499999999998,314.83,1058,24036.07,912,31042.04,34.16466666666667,51.24,11794.3,7005.97,22.57,0.862,3647.44
4,Brown Forman,1026,Glenfiddich 12yr,35.86416666666667,420.0,989,31950.47,843,41578.05,49.65208333333334,59.61,11794.3,9627.58,23.16,0.8524,5236.17
4,Brown Forman,1027,The Macallan 12yr,55.36166666666667,695.54,1279,63344.94,1102,82198.37,75.3379411764706,128.07,11794.3,18853.43,22.94,0.8616,9799.02
4,Brown Forman,1028,Belvedere Vodka,28.144166666666667,307.76,848,21778.71,727,27810.51,38.022777777777776,68.42,11794.3,6031.8,21.69,0.8573,3405.44
4,Brown Forman,1029,Don Julio Blanco,42.13916666666667,527.41,1166,44102.75,1035,58811.2,56.90387096774194,88.21000000000001,11794.3,14708.45,25.01,0.8877,5520.23
4,Brown Forman,1030,Casamigos Blanco,40.083333333333336,285.93,610,21776.41,540,28515.03,52.701153846153844,68.52,11794.3,6738.62,23.63,0.8852,2805.83
5,Beam Suntory,1001,Jack Daniels Old No.7,18.50583333333333,263.28,1192,19445.56,984,24527.94,24.738421052631576,47.01,10628.0,5082.38,20.72,0.8255,3849.21
5,Beam Suntory,1002,Jim Beam White,12.042499999999999,173.39,1113,12103.76,948,15380.89,16.32736842105263,31.04,10628.0,3277.13,21.31,0.8518,1987.01
5,Beam Suntory,1003,Johnnie Walker Black,27.86,303.51,964,24575.68,803,30518.15,37.4272,46.79,10628.0,5942.47,19.47,0.833,4485.46
5,Beam Suntory,1004,Bacardi Superior Rum,10.526666666666667,123.19,1024,9715.869999999999,905,12932.99,14.37341463414634,29.46,10628.0,3217.12,24.88,0.8838,1252.67
5,Beam Suntory,1005,Grey Goose Vodka,24.138333333333335,432.8,1536,33298.36,1372,44883.1,32.76392156862745,83.58,10628.0,11584.74,25.81,0.8932,3958.69
5,Beam Suntory,1006,Absolut Vodka,13.917499999999999,127.71000000000001,855,10859.83,775,14853.32,18.9908,23.74,10628.0,3993.49,26.89,0.9064,1113.4
5,Beam Suntory,1007,Patron Silver Tequila,37.58166666666667,410.35,1024,35138.92,886,46187.48,51.75111111111111,69.89,10628.0,11048.56,23.92,0.8652,5186.27
5,Beam Suntory,1008,Jose Cuervo Gold,16.0725,219.07999999999998,1075,15634.25,901,19005.88,21.580625,34.52,10628.0,3371.63,17.74,0.8381,2796.62
5,Beam Suntory,1009,Hennessy VS Cognac,32.2675,494.94,1260,36535.21,1085,47238.36,43.32204545454545,95.29,10628.0,10703.15,22.66,0.8611,5646.81
5,Beam Suntory,1010,Crown Royal Whisky,21.879166666666666,261.3,913,18264.579999999998,808,24104.93,30.006296296296295,40.52,10628.0,5840.35,24.23,0.885,2297.31
5,Beam Suntory,1011,Woodford Reserve,29.76,219.29,362,10001.199999999999,297,12104.18,40.778800000000004,50.98,10628.0,2102.98,17.37,0.8204,1934.4
5,Beam Suntory,1012,Makers Mark,20.13,162.8,762,13831.9,678,18824.98,27.393846153846155,35.64,10628.0,4993.08,26.52,0.8898,1690.92
5,Beam Suntory,1013,Bulleit Bourbon,22.037499999999998,375.4,1666,32776.11,1402,40901.05,29.304468085106382,68.9,10628.0,8124.94,19.86,0.8415,5817.9
5,Beam Suntory,1014,Tito's Handmade Vodka,15.1125,134.56,835,11198.74,701,14038.44,20.1040625,32.19,10628.0,2839.7,20.23,0.8395,2025.08
5,Beam Suntory,1015,Smirnoff No.21,11.128333333333332,159.85,1576,15724.97,1349,19969.51,14.784444444444443,33.28,10628.0,4244.54,21.26,0.856,2526.13
5,Beam Suntory,1016,Tanqueray Gin,17.945833333333333,224.57,1172,18972.01,1032,25576.52,24.341749999999998,48.68,10628.0,6604.51,25.82,0.8805,2512.42
5,Beam Suntory,1017,Bombay Sapphire,19.925,198.62,1021,18452.52,871,23252.3,26.603,39.93,10628.0,4799.78,20.64,0.8531,2988.75
5,Beam Suntory,1018,Captain Morgan Spiced,14.004166666666668,225.75,1367,17117.17,1201,23281.21,19.11934782608696,44.0,10628.0,6164.04,26.48,0.8786,2324.69
5,Beam Suntory,1019,Malibu Coconut Rum,13.078333333333333,211.31,1248,14623.87,1072,18902.28,17.77204081632653,43.55,10628.0,4278.41,22.63,0.859,2301.79
5,Beam Suntory,1020,Southern Comfort,14.989166666666668,240.2,1385,18374.37,1220,24480.3,20.350217391304348,46.79,10628.0,6105.93,24.94,0.8809,2473.21
5,Beam Suntory,1021,Baileys Irish Cream,21.896666666666665,275.74,1034,20375.8,912,27205.7,29.4996875,47.21,10628.0,6829.9,25.1,0.882,2671.39
5,Beam Suntory,1022,Kahlua Coffee Liqueur,17.9175,290.74,1524,24657.329999999998,1281,30854.35,24.04952380952381,50.5,10628.0,6197.02,20.08,0.8406,4353.95
5,Beam Suntory,1023,Evan Williams Bourbon,9.995,126.14,848,7652.0199999999995,767,9987.13,13.219333333333333,19.84,10628.0,2335.11,23.38,0.9045,809.59
5,Beam Suntory,1024,Wild Turkey 101,19.013333333333332,101.27000000000001,535,9009.4,462,11544.82,25.287692307692307,16.44,10628.0,2535.42,21.96,0.8636,1387.97
5,Beam Suntory,1025,Jameson Irish Whiskey,24.9825,425.21,1159,25968.26,983,32622.84,33.599387755102036,82.32,10628.0,6654.58,20.4,0.8481,4396.92
5,Beam Suntory,1026,Glenfiddich 12yr,35.86416666666667,518.21,1297,42168.5,1154,55953.01,48.438947368421054,92.03,10628.0,13784.51,24.64,0.8897,5128.58
5,Beam Suntory,1027,The Macallan 12yr,55.36166666666667,608.72,1023,51655.11,895,68047.01,76.61433333333333,114.92,10628.0,16391.9,24.09,0.8749,7086.29
5,Beam Suntory,1028,Belvedere Vodka,28.144166666666667,248.63,1005,25096.63,904,34260.16,37.93863636363636,41.74,10628.0,9163.53,26.75,0.8995,2842.56
5,Beam Suntory,1029,Don Julio Blanco,42.13916666666667,375.96999999999997,849,32140.52,720,39807.7,55.26916666666667,66.34,10628.0,7667.18,19.26,0.8481,5435.95
5,Beam Suntory,1030,Casamigos Blanco,40.083333333333336,502.35,1343,48322.12,1193,64632.27,53.38878787878787,88.06,10628.0,16310.15,25.24,0.8883,6012.5
6,Constellation Brands,1001,Jack Daniels Old No.7,18.50583333333333,231.05,1144,18865.56,1010,24302.36,24.208333333333332,43.55,10370.75,5436.8,22.37,0.8829,2479.78
6,Constellation Brands,1002,Jim Beam White,12.042499999999997,117.0,710,7542.12,629,10026.25,15.726400000000002,19.64,10370.75,2484.13,24.78,0.8859,975.44
6,Constellation Brands,1003,Johnnie Walker Black,27.859999999999996,349.36,828,20796.03,681,25696.95,37.61424242424243,62.06,10370.75,4900.92,19.07,0.8225,4095.42
6,Constellation Brands,1004,Bacardi Superior Rum,10.526666666666666,188.21,2015,18948.05,1783,24857.39,13.99953488372093,30.08,10370.75,5909.34,23.77,0.8849,2442.19
6,Constellation Brands,1005,Grey Goose Vodka,24.138333333333335,323.44,1158,25157.29,1004,33314.44,32.434705882352944,55.16,10370.75,8157.15,24.49,0.867,3717.3
6,Constellation Brands,1006,Absolut Vodka,13.917499999999997,275.21,1718,21512.66,1452,27001.94,18.623269230769232,48.48,10370.75,5489.28,20.33,0.8452,3702.05
6,Constellation Brands,1007,Patron Silver Tequila,37.58166666666667,541.71,1196,40621.56,999,49815.19,50.08175,100.15,10370.75,9193.63,18.46,0.8353,7403.59
6,Constellation Brands,1008,Jose Cuervo Gold,16.0725,200.68,1025,14761.97,884,19005.59,21.344444444444445,38.43,10370.75,4243.62,22.33,0.8624,2266.22
6,Constellation Brands,1009,Hennessy VS Cognac,32.2675,318.78,580,16633.239999999998,524,22187.96,43.41291666666667,52.1,10370.75,5554.72,25.03,0.9034,1806.98
6,Constellation Brands,1010,Crown Royal Whisky,21.879166666666666,176.67,693,13676.76,608,18109.38,29.633333333333333,40.02,10370.75,4432.62,24.48,0.8773,1859.73
6,Constellation Brands,1011,Woodford Reserve,29.76,210.72,650,17072.33,566,21401.14,38.778571428571425,27.13,10370.75,4328.81,20.23,0.8708,2499.84
6,Constellation Brands,1012,Makers Mark,20.13,229.43,1003,17660.86,861,22448.2,26.17064516129032,40.56,10370.75,4787.34,21.33,0.8584,2858.46
6,Constellation Brands,1013,Bulleit Bourbon,22.037499999999998,299.29,1300,25884.96,1129,32730.89,29.55,51.68,10370.75,6845.93,20.92,0.8685,3768.41
6,Constellation Brands,1014,Tito's Handmade Vodka,15.112499999999999,178.77,820,11270.93,680,14186.93,20.76181818181818,34.25,10370.75,2916.0,20.55,0.8293,2115.75
6,Constellation Brands,1015,Smirnoff No.21,11.128333333333332,161.21,1219,12232.07,1044,16136.75,15.33578947368421,29.17,10370.75,3904.68,24.2,0.8564,1947.46
6,Constellation Brands,1016,Tanqueray Gin,17.945833333333333,145.79999999999998,796,12874.57,692,17302.68,24.7428,30.92,10370.75,4428.11,25.59,0.8693,1866.37
6,Constellation Brands,1017,Bombay Sapphire,19.925,216.07999999999998,884,15943.85,743,19949.35,27.486428571428572,38.5,10370.75,4005.5,20.08,0.8405,2809.42
6,Constellation Brands,1018,Captain Morgan Spiced,14.004166666666668,227.1,1426,18027.36,1220,23585.25,18.891363636363636,41.55,10370.75,5557.89,23.57,0.8555,2884.86
6,Constellation Brands,1019,Malibu Coconut Rum,13.078333333333335,176.89,1028,12119.0,904,15818.28,17.587692307692308,34.28,10370.75,3699.28,23.39,0.8794,1621.71
6,Constellation Brands,1020,Southern Comfort,14.989166666666668,216.33,1186,16142.09,1025,21086.58,20.276923076923076,39.55,10370.75,4944.49,23.45,0.8642,2413.26
6,Constellation Brands,1021,Baileys Irish Cream,21.896666666666665,296.94,1322,26248.85,1161,34225.71,29.642439024390242,60.74,10370.75,7976.86,23.31,0.8782,3525.36
6,Constellation Brands,1022,Kahlua Coffee Liqueur,17.9175,241.25,1014,16274.23,923,22488.46,24.265813953488372,52.18,10370.75,6214.23,27.63,0.9103,1630.49
6,Constellation Brands,1023,Evan Williams Bourbon,9.995,108.29,764,6921.07,676,9233.11,13.623243243243243,25.19,10370.75,2312.04,25.04,0.8848,879.56
6,Constellation Brands,1024,Wild Turkey 101,19.013333333333332,221.66,979,16920.87,817,21494.55,25.468,44.58,10370.75,4573.68,21.28,0.8345,3080.16
6,Constellation Brands,1025,Jameson Irish Whiskey,24.9825,289.97,935,20723.88,785,26121.9,33.60607142857143,47.08,10370.75,5398.02,20.66,0.8396,3747.38
6,Constellation Brands,1026,Glenfiddich 12yr,35.86416666666667,454.77,1181,38351.94,1046,51462.8,49.85612903225806,77.29,10370.75,13110.86,25.48,0.8857,4841.66
6,Constellation Brands,1027,The Macallan 12yr,55.36166666666667,841.0600000000001,1424,70672.59,1269,94984.06,74.30836734693878,182.03,10370.75,24311.47,25.6,0.8912,8581.06
6,Constellation Brands,1028,Belvedere Vodka,28.144166666666667,354.31,1057,26931.23,948,37106.84,38.1730303030303,63.0,10370.75,10175.61,27.42,0.8969,3067.71
6,Constellation Brands,1029,Don Julio Blanco,42.13916666666667,719.25,1323,49705.91,1161,63546.63,55.8778,139.68,10370.75,13840.72,21.78,0.8776,6826.54
6,Constellation Brands,1030,Casamigos Blanco,40.083333333333336,284.27,738,26197.989999999998,610,31977.59,52.16882352941177,44.35,10370.75,5779.6,18.07,0.8266,5130.67
7,Heaven Hill,1001,Jack Daniels Old No.7,18.50583333333333,167.75,888,14790.98,769,19505.12,25.49388888888889,22.97,8220.55,4714.14,24.17,0.866,2202.19
7,Heaven Hill,1002,Jim Beam White,12.042499999999999,128.28,1068,11428.39,900,14676.54,16.047307692307694,20.85,8220.55,3248.15,22.13,0.8427,2023.14
7,Heaven Hill,1003,Johnnie Walker Black,27.86,304.85,1056,26652.63,922,34608.02,37.31638888888889,67.16,8220.55,7955.39,22.99,0.8731,3733.24
7,Heaven Hill,1004,Bacardi Superior Rum,10.526666666666666,37.97,453,4266.79,376,5506.6,14.674166666666666,8.790000000000001,8220.55,1239.81,22.51,0.83,810.55
7,Heaven Hill,1005,Grey Goose Vodka,24.138333333333335,195.97,727,15808.289999999999,613,19473.45,32.515263157894736,30.88,8220.55,3665.16,18.82,0.8432,2751.77
7,Heaven Hill,1006,Absolut Vodka,13.917499999999999,87.22,456,5716.99,379,7255.53,18.66375,14.93,8220.55,1538.54,21.21,0.8311,1071.65
7,Heaven Hill,1007,Patron Silver Tequila,37.58166666666667,236.60999999999999,612,20389.51,563,29457.29,51.90157894736842,49.32,8220.55,9067.78,30.78,0.9199,1841.5
7,Heaven Hill,1008,Jose Cuervo Gold,16.0725,73.42,272,3950.63,236,5214.22,22.004166666666666,13.22,8220.55,1263.59,24.23,0.8676,578.61
7,Heaven Hill,1009,Hennessy VS Cognac,32.2675,202.38,456,13168.18,381,16321.95,43.462857142857146,45.66,8220.55,3153.77,19.32,0.8355,2420.06
7,Heaven Hill,1010,Crown Royal Whisky,21.879166666666666,174.64000000000001,689,13475.87,604,17651.35,28.285000000000004,28.29,8220.55,4175.48,23.66,0.8766,1859.73
7,Heaven Hill,1011,Woodford Reserve,29.76,266.58,784,20882.39,705,27770.34,38.88375,46.67,8220.55,6887.95,24.8,0.8992,2351.04
7,Heaven Hill,1012,Makers Mark,20.13,163.1,853,15286.119999999999,742,19619.31,26.851666666666663,32.21,8220.55,4333.19,22.09,0.8699,2234.43
7,Heaven Hill,1013,Bulleit Bourbon,22.037499999999998,296.2,1266,24994.34,1069,32017.93,29.971818181818183,49.48,8220.55,7023.59,21.94,0.8444,4341.39
7,Heaven Hill,1014,Tito's Handmade Vodka,15.112499999999999,148.92,933,12637.74,798,16196.39,20.2575,32.410000000000004,8220.55,3558.65,21.97,0.8553,2040.19
7,Heaven Hill,1015,Smirnoff No.21,11.128333333333332,108.43,1059,10429.960000000001,935,13829.0,14.770454545454545,16.25,8220.55,3399.04,24.58,0.8829,1379.91
7,Heaven Hill,1016,Tanqueray Gin,17.945833333333333,225.70999999999998,1135,18233.0,1023,24863.07,24.313783783783784,45.0,8220.55,6630.07,26.67,0.9013,2009.93
7,Heaven Hill,1017,Bombay Sapphire,19.925,162.39,630,11350.0,540,14813.72,27.078387096774193,41.96,8220.55,3463.72,23.38,0.8571,1793.25
7,Heaven Hill,1018,Captain Morgan Spiced,14.004166666666668,136.03,1046,12942.53,976,17518.79,18.0871875,28.96,8220.55,4576.26,26.12,0.9331,980.29
7,Heaven Hill,1019,Malibu Coconut Rum,13.078333333333333,116.68,758,8980.1,677,12107.85,17.363599999999998,21.72,8220.55,3127.75,25.83,0.8931,1059.34
7,Heaven Hill,1020,Southern Comfort,14.989166666666668,174.86,1134,15152.52,1014,20126.0,19.978846153846156,25.96,8220.55,4973.48,24.71,0.8942,1798.7
7,Heaven Hill,1021,Baileys Irish Cream,21.896666666666665,101.31,428,8626.59,371,11229.0,31.01153846153846,20.150000000000002,8220.55,2602.41,23.18,0.8668,1248.11
7,Heaven Hill,1022,Kahlua Coffee Liqueur,17.9175,145.09,644,10334.38,556,13342.53,24.365666666666666,36.56,8220.55,3008.15,22.55,0.8634,1576.74
7,Heaven Hill,1023,Evan Williams Bourbon,9.995000000000001,117.7,955,8643.86,851,11843.75,13.6634375,21.86,8220.55,3199.89,27.02,0.8911,1039.48
7,Heaven Hill,1024,Wild Turkey 101,19.013333333333332,203.15,1042,17590.83,922,23476.65,25.560333333333332,38.36,8220.55,5885.82,25.07,0.8848,2281.6
7,Heaven Hill,1025,Jameson Irish Whiskey,24.9825,135.73,394,8949.58,333,11053.32,33.299285714285716,23.32,8220.55,2103.74,19.03,0.8452,1523.93
7,Heaven Hill,1026,Glenfiddich 12yr,35.86416666666667,325.18,649,21201.48,552,27021.28,48.94814814814814,66.06,8220.55,5819.8,21.54,0.8505,3478.82
7,Heaven Hill,1027,The Macallan 12yr,55.36166666666667,396.99,530,26357.100000000002,484,36822.09,74.70777777777778,67.24,8220.55,10464.99,28.42,0.9132,2546.64
7,Heaven Hill,1028,Belvedere Vodka,28.144166666666667,153.45,701,17963.6,638,24824.74,38.676153846153845,25.14,8220.55,6861.14,27.64,0.9101,1773.08
7,Heaven Hill,1029,Don Julio Blanco,42.13916666666667,494.44,1197,45641.39,1065,60452.840000000004,56.7969696969697,93.74,8220.55,14811.45,24.5,0.8897,5562.37
7,Heaven Hill,1030,Casamigos Blanco,40.083333333333336,542.1,1311,47249.98,1122,60377.67,54.04105263157894,102.69,8220.55,13127.69,21.74,0.8558,7575.75
8,Sazerac,1001,Jack Daniels Old No.7,18.50583333333333,185.57,881,14851.43,740,18471.68,24.68227272727273,27.14,7055.86,3620.25,19.6,0.84,2609.32
8,Sazerac,1002,Jim Beam White,12.042499999999999,74.65,646,6925.94,598,9880.6,16.27277777777778,14.66,7055.86,2954.66,29.9,0.9257,578.04
8,Sazerac,1003,Johnnie Walker Black,27.859999999999996,351.58,1127,28528.56,1007,37971.14,37.54,58.23,7055.86,9442.58,24.87,0.8935,3343.2
8,Sazerac,1004,Bacardi Superior Rum,10.526666666666666,112.98,960,9013.67,800,11432.05,14.300999999999998,21.47,7055.86,2418.38,21.15,0.8333,1684.27
8,Sazerac,1005,Grey Goose Vodka,24.138333333333335,322.52,1198,25767.31,1019,32451.05,32.26472222222222,58.08,7055.86,6683.74,20.6,0.8506,4320.76
8,Sazerac,1006,Absolut Vodka,13.917499999999999,125.32000000000001,781,9882.64,650,12581.82,19.017241379310345,27.59,7055.86,2699.18,21.45,0.8323,1823.19
8,Sazerac,1007,Patron Silver Tequila,37.58166666666667,405.42,848,28761.21,784,39612.85,50.299393939393944,82.98,7055.86,10851.64,27.39,0.9245,2405.23
8,Sazerac,1008,Jose Cuervo Gold,16.0725,160.9,526,7732.58,457,10382.35,22.215,28.88,7055.86,2649.77,25.52,0.8688,1109.0
8,Sazerac,1009,Hennessy VS Cognac,32.2675,146.59,424,12434.8,378,16357.92,43.32333333333334,32.49,7055.86,3923.12,23.98,0.8915,1484.3
8,Sazerac,1010,Crown Royal Whisky,21.879166666666666,240.67,994,19944.92,898,26935.74,30.31269230769231,39.4,7055.86,6990.82,25.95,0.9034,2100.4
8,Sazerac,1011,Woodford Reserve,29.76,215.7,576,15409.07,502,20510.56,40.63583333333333,24.39,7055.86,5101.49,24.87,0.8715,2202.24
8,Sazerac,1012,Makers Mark,20.13,199.3,840,15194.58,744,20345.41,27.154999999999998,40.75,7055.86,5150.83,25.32,0.8857,1932.48
8,Sazerac,1013,Bulleit Bourbon,22.037499999999998,178.1,906,17984.07,791,23475.63,29.478928571428572,41.28,7055.86,5491.56,23.39,0.8731,2534.31
8,Sazerac,1014,Tito's Handmade Vodka,15.112499999999999,107.74000000000001,690,9260.18,608,12231.93,20.046315789473685,19.04,7055.86,2971.75,24.3,0.8812,1239.22
8,Sazerac,1015,Smirnoff No.21,11.128333333333332,29.939999999999998,164,1623.52,135,1990.12,15.18,3.04,7055.86,366.6,18.42,0.8232,322.72
8,Sazerac,1016,Tanqueray Gin,17.945833333333333,143.27,691,10906.57,553,12807.85,23.698,29.6,7055.86,1901.28,14.84,0.8003,2476.52
8,Sazerac,1017,Bombay Sapphire,19.925,124.91,434,7796.22,367,9866.51,27.13058823529412,23.06,7055.86,2070.29,20.98,0.8456,1334.98
8,Sazerac,1018,Captain Morgan Spiced,14.004166666666668,76.98,522,6710.5,415,8133.2,19.249375,15.39,7055.86,1422.7,17.49,0.795,1498.45
8,Sazerac,1019,Malibu Coconut Rum,13.078333333333333,69.45,448,5231.38,372,6380.62,16.98,7.66,7055.86,1149.24,18.01,0.8304,993.95
8,Sazerac,1020,Southern Comfort,14.989166666666668,92.92,550,7300.5,474,9363.75,19.891666666666666,23.880000000000003,7055.86,2063.25,22.03,0.8618,1139.18
8,Sazerac,1021,Baileys Irish Cream,21.896666666666665,196.06,714,13959.93,640,19103.86,29.57185185185185,39.93,7055.86,5143.93,26.93,0.8964,1620.35
8,Sazerac,1022,Kahlua Coffee Liqueur,17.9175,196.77,1048,17126.38,915,22668.23,24.998055555555553,44.98,7055.86,5541.85,24.45,0.8731,2383.03
8,Sazerac,1023,Evan Williams Bourbon,9.995000000000001,117.53,1005,9123.42,863,12083.34,13.995294117647058,23.79,7055.86,2959.92,24.5,0.8587,1419.29
8,Sazerac,1024,Wild Turkey 101,19.013333333333332,122.8,366,6469.59,309,8318.34,26.09,20.87,7055.86,1848.75,22.22,0.8443,1083.76
8,Sazerac,1025,Jameson Irish Whiskey,24.9825,68.15,283,6485.55,254,8526.22,33.16222222222222,14.9,7055.86,2040.67,23.93,0.8975,724.49
8,Sazerac,1026,Glenfiddich 12yr,35.86416666666667,323.52,842,27427.08,695,34424.47,49.00428571428571,68.59,7055.86,6997.39,20.33,0.8254,5272.03
8,Sazerac,1027,The Macallan 12yr,55.36166666666667,346.93,571,28041.31,527,39365.18,75.80947368421052,72.02,7055.86,11323.87,28.77,0.9229,2435.91
8,Sazerac,1028,Belvedere Vodka,28.144166666666667,300.9,966,24133.7,837,30782.38,37.2996875,59.67,7055.86,6648.68,21.6,0.8665,3630.6
8,Sazerac,1029,Don Julio Blanco,42.13916666666667,149.01,230,8722.63,208,11525.96,55.385384615384616,35.99,7055.86,2803.33,24.32,0.9043,927.06
8,Sazerac,1030,Casamigos Blanco,40.083333333333336,320.75,582,20568.63,504,27322.58,53.86000000000001,64.61,7055.86,6753.95,24.72,0.866,3126.5
9,E&J Gallo Winery,1001,Jack Daniels Old No.7,18.50583333333333,182.73,599,9880.51,517,13169.63,25.21966666666667,37.83,10679.67,3289.12,24.98,0.8631,1517.48
9,E&J Gallo Winery,1002,Jim Beam White,12.042499999999999,150.46,1060,11415.33,895,14583.77,16.469655172413795,23.88,10679.67,3168.44,21.73,0.8443,1987.01
9,E&J Gallo Winery,1003,Johnnie Walker Black,27.86,279.88,790,20046.92,720,27797.41,37.9304,47.42,10679.67,7750.49,27.88,0.9114,1950.2
9,E&J Gallo Winery,1004,Bacardi Superior Rum,10.526666666666666,113.97,916,8635.58,767,10934.99,14.506,25.37,10679.67,2299.41,21.03,0.8373,1568.47
9,E&J Gallo Winery,1005,Grey Goose Vodka,24.138333333333335,345.69,1290,27854.58,1125,36568.75,32.256521739130434,74.2,10679.67,8714.17,23.83,0.8721,3982.82
9,E&J Gallo Winery,1006,Absolut Vodka,13.917499999999999,163.32,897,11311.57,777,14898.86,19.241666666666667,28.85,10679.67,3587.29,24.08,0.8662,1670.1
9,E&J Gallo Winery,1007,Patron Silver Tequila,37.58166666666667,411.63,1117,38331.7,971,49868.34,50.9425,81.5,10679.67,11536.64,23.13,0.8693,5486.92
9,E&J Gallo Winery,1008,Jose Cuervo Gold,16.0725,215.4,1211,17297.75,1032,21923.170000000002,21.556046511627905,46.35,10679.67,4625.42,21.1,0.8522,2876.98
9,E&J Gallo Winery,1009,Hennessy VS Cognac,32.2675,317.04,840,24494.79,762,32963.51,42.89,62.18,10679.67,8468.72,25.69,0.9071,2516.86
9,E&J Gallo Winery,1010,Crown Royal Whisky,21.879166666666666,318.48,1418,28223.99,1197,35836.64,29.96589743589744,58.44,10679.67,7612.65,21.24,0.8441,4835.3
9,E&J Gallo Winery,1011,Woodford Reserve,29.76,407.55,1238,33686.06,1134,46292.8,41.347297297297295,76.49,10679.67,12606.74,27.23,0.916,3095.04
9,E&J Gallo Winery,1012,Makers Mark,20.13,234.23,937,16865.57,834,22437.07,27.146153846153847,52.95,10679.67,5571.5,24.83,0.8901,2073.39
9,E&J Gallo Winery,1013,Bulleit Bourbon,22.037499999999998,258.23,1022,20300.43,889,27069.56,30.04714285714286,42.06,10679.67,6769.13,25.01,0.8699,2930.99
9,E&J Gallo Winery,1014,Tito's Handmade Vodka,15.1125,267.69,1925,25887.87,1619,32898.46,20.387727272727272,44.88,10679.67,7010.59,21.31,0.841,4624.42
9,E&J Gallo Winery,1015,Smirnoff No.21,11.128333333333332,69.13,622,6128.05,536,7838.92,14.653809523809525,15.4,10679.67,1710.87,21.83,0.8617,957.04
9,E&J Gallo Winery,1016,Tanqueray Gin,17.945833333333333,194.12,985,15955.39,836,20129.69,24.504285714285714,34.31,10679.67,4174.3,20.74,0.8487,2673.93
9,E&J Gallo Winery,1017,Bombay Sapphire,19.925,213.7,997,17692.2,863,22902.09,26.648750000000003,31.990000000000002,10679.67,5209.89,22.75,0.8656,2669.95
9,E&J Gallo Winery,1018,Captain Morgan Spiced,14.004166666666668,217.95,1550,19764.59,1388,26228.19,19.470208333333336,46.7,10679.67,6463.6,24.64,0.8955,2268.68
9,E&J Gallo Winery,1019,Malibu Coconut Rum,13.078333333333331,153.25,1037,12229.1,893,15819.92,17.737714285714283,31.05,10679.67,3590.82,22.7,0.8611,1883.28
9,E&J Gallo Winery,1020,Southern Comfort,14.98916666666667,152.78,698,9648.0,581,12118.76,20.583703703703705,27.79,10679.67,2470.76,20.39,0.8324,1753.73
9,E&J Gallo Winery,1021,Baileys Irish Cream,21.896666666666665,334.98,1081,21238.61,935,27685.510000000002,29.875,68.75,10679.67,6446.9,23.29,0.8649,3196.91
9,E&J Gallo Winery,1022,Kahlua Coffee Liqueur,17.9175,310.69,1598,26299.83,1414,34953.19,24.836799999999997,62.08,10679.67,8653.36,24.76,0.8849,3296.82
9,E&J Gallo Winery,1023,Evan Williams Bourbon,9.995,72.24,604,5444.4400000000005,527,7400.49,13.856666666666666,10.4,10679.67,1956.05,26.43,0.8725,769.61
9,E&J Gallo Winery,1024,Wild Turkey 101,19.013333333333332,187.43,839,14363.83,729,18746.29,25.669629629629632,34.65,10679.67,4382.46,23.38,0.8689,2091.47
9,E&J Gallo Winery,1025,Jameson Irish Whiskey,24.9825,264.08,1119,24473.18,1000,32378.27,32.808928571428574,45.92,10679.67,7905.09,24.41,0.8937,2972.92
9,E&J Gallo Winery,1026,Glenfiddich 12yr,35.86416666666667,353.99,727,23457.059999999998,616,29550.46,47.75,54.93,10679.67,6093.4,20.62,0.8473,3980.92
9,E&J Gallo Winery,1027,The Macallan 12yr,55.361666666666665,495.86,793,39200.94,652,48606.65,74.87041666666667,89.83,10679.67,9405.71,19.35,0.8222,7806.0
9,E&J Gallo Winery,1028,Belvedere Vodka,28.144166666666667,454.68,1380,35029.56,1214,45941.04,37.73098039215686,96.2,10679.67,10911.48,23.75,0.8797,4671.93
9,E&J Gallo Winery,1029,Don Julio Blanco,42.13916666666667,567.2,1152,43281.34,1008,57127.58,56.994772727272725,125.37,10679.67,13846.24,24.24,0.875,6068.04
9,E&J Gallo Winery,1030,Casamigos Blanco,40.083333333333336,538.76,1301,46866.67,1149,62041.590000000004,54.32435897435898,105.95,10679.67,15174.92,24.46,0.8832,6092.67
10,Molson Coors,1001,Jack Daniels Old No.7,18.50583333333333,219.93,902,15258.23,767,19533.82,24.93179487179487,48.63,10774.18,4275.59,21.89,0.8503,2498.29
10,Molson Coors,1002,Jim Beam White,12.042499999999999,160.09,1097,11628.29,956,14949.77,15.77184210526316,29.97,10774.18,3321.48,22.22,0.8715,1697.99
10,Molson Coors,1003,Johnnie Walker Black,27.86,278.02,1048,26406.86,970,37205.77,38.146875,61.06,10774.18,10798.91,29.02,0.9256,2173.08
10,Molson Coors,1004,Bacardi Superior Rum,10.526666666666666,200.36,1517,14586.23,1342,19245.99,14.334736842105263,40.910000000000004,10774.18,4659.76,24.21,0.8846,1842.17
10,Molson Coors,1005,Grey Goose Vodka,24.138333333333335,373.08,1187,25935.3,1038,33247.21,32.517199999999995,81.32,10774.18,7311.91,21.99,0.8745,3596.61
10,Molson Coors,1006,Absolut Vodka,13.917499999999999,176.4,1039,13061.01,938,17841.57,19.284705882352938,32.78,10774.18,4780.56,26.79,0.9028,1405.67
10,Molson Coors,1007,Patron Silver Tequila,37.58166666666667,310.99,892,30948.74,729,37279.14,50.843999999999994,63.53,10774.18,6330.4,16.98,0.8173,6125.81
10,Molson Coors,1008,Jose Cuervo Gold,16.0725,260.44,1477,21280.35,1284,27951.15,21.80025,43.59,10774.18,6670.8,23.87,0.8693,3101.99
10,Molson Coors,1009,Hennessy VS Cognac,32.2675,344.07,1047,29939.21,918,39438.67,43.20742857142857,75.61,10774.18,9499.46,24.09,0.8768,4162.51
10,Molson Coors,1010,Crown Royal Whisky,21.879166666666666,278.44,1251,24919.850000000002,1085,32559.62,29.621333333333332,66.65,10774.18,7639.77,23.46,0.8673,3631.94
10,Molson Coors,1011,Woodford Reserve,29.76,185.36,714,19027.83,654,25903.420000000002,39.993125,32.02,10774.18,6875.59,26.54,0.916,1785.6
10,Molson Coors,1012,Makers Mark,20.13,179.96,732,13158.57,612,16516.09,26.82766666666667,40.23,10774.18,3357.52,20.33,0.8361,2415.6
10,Molson Coors,1013,Bulleit Bourbon,22.037499999999998,311.44,1071,20789.079999999998,924,26513.04,28.79568181818182,63.36,10774.18,5723.96,21.59,0.8627,3239.51
10,Molson Coors,1014,Tito's Handmade Vodka,15.112499999999999,200.0,1322,17721.69,1183,23614.79,20.175882352941176,34.28,10774.18,5893.1,24.96,0.8949,2100.64
10,Molson Coors,1015,Smirnoff No.21,11.128333333333332,175.04,1243,12029.68,1084,15761.61,14.80048780487805,30.35,10774.18,3731.93,23.68,0.8721,1769.4
10,Molson Coors,1016,Tanqueray Gin,17.945833333333333,225.45,1118,17855.55,998,23850.83,24.300555555555558,43.75,10774.18,5995.28,25.14,0.8927,2153.5
10,Molson Coors,1017,Bombay Sapphire,19.925,308.07,1422,25848.14,1254,34401.9,26.876136363636363,59.16,10774.18,8553.76,24.86,0.8819,3347.4
10,Molson Coors,1018,Captain Morgan Spiced,14.004166666666668,178.51,1149,14621.35,969,18818.41,19.172307692307694,37.41,10774.18,4197.06,22.3,0.8433,2520.75
10,Molson Coors,1019,Malibu Coconut Rum,13.078333333333335,259.92,1955,23027.57,1654,28849.93,17.479692307692307,56.84,10774.18,5822.36,20.18,0.846,3936.58
10,Molson Coors,1020,Southern Comfort,14.989166666666668,189.39,1037,14036.789999999999,903,17914.57,20.2640625,32.43,10774.18,3877.78,21.65,0.8708,2008.55
10,Molson Coors,1021,Baileys Irish Cream,21.896666666666665,281.31,1305,26225.75,1139,34023.28,30.385172413793104,44.03,10774.18,7797.53,22.92,0.8728,3634.85
10,Molson Coors,1022,Kahlua Coffee Liqueur,17.9175,178.01,754,12255.24,665,16189.5,24.45,42.79,10774.18,3934.26,24.3,0.882,1594.66
10,Molson Coors,1023,Evan Williams Bourbon,9.995,153.35999999999999,1312,11763.93,1168,15532.7,13.467142857142857,28.31,10774.18,3768.77,24.26,0.8902,1439.28
10,Molson Coors,1024,Wild Turkey 101,19.013333333333332,170.4,994,16918.85,863,21658.76,24.80888888888889,33.52,10774.18,4739.91,21.88,0.8682,2490.75
10,Molson Coors,1025,Jameson Irish Whiskey,24.982499999999998,153.23,553,12017.12,491,16240.27,33.06608695652174,38.03,10774.18,4223.15,26.0,0.8879,1548.92
10,Molson Coors,1026,Glenfiddich 12yr,35.86416666666667,352.89,833,26826.39,727,34958.3,48.3784,60.45,10774.18,8131.91,23.26,0.8727,3801.6
10,Molson Coors,1027,The Macallan 12yr,55.36166666666667,452.35,622,31362.32,545,41236.03,76.06033333333333,114.1,10774.18,9873.71,23.94,0.8762,4262.85
10,Molson Coors,1028,Belvedere Vodka,28.144166666666667,350.69,1109,27714.84,1017,38298.55,37.670810810810806,69.7,10774.18,10583.71,27.63,0.917,2589.26
10,Molson Coors,1029,Don Julio Blanco,42.13916666666667,453.84,1214,45883.18,1064,59784.44,56.601290322580645,87.76,10774.18,13901.26,23.25,0.8764,6320.88
10,Molson Coors,1030,Casamigos Blanco,40.083333333333336,544.3,1133,41043.39,1022,55715.48,54.35282608695652,125.02,10774.18,14672.09,26.33,0.902,4449.25
11,Anheuser Busch,1001,Jack Daniels Old No.7,18.50583333333333,169.0,948,16083.11,823,20989.05,24.915714285714284,34.88,8861.44,4905.94,23.37,0.8681,2313.23
11,Anheuser Busch,1002,Jim Beam White,12.042499999999999,85.7,521,5593.36,450,7445.95,16.375999999999998,16.36,8861.44,1852.59,24.88,0.8637,855.02
11,Anheuser Busch,1003,Johnnie Walker Black,27.86,273.38,1054,26259.989999999998,939,35635.590000000004,37.663333333333334,56.51,8861.44,9375.6,26.31,0.8909,3203.9
11,Anheuser Busch,1004,Bacardi Superior Rum,10.526666666666666,113.02,1168,11052.15,1057,15177.05,14.244166666666665,25.65,8861.44,4124.9,27.18,0.905,1168.46
11,Anheuser Busch,1005,Grey Goose Vodka,24.138333333333335,234.36,995,21173.7,885,28234.3,31.850322580645162,49.4,8861.44,7060.6,25.01,0.8894,2655.22
11,Anheuser Busch,1006,Absolut Vodka,13.917499999999999,127.58,789,10157.68,670,13114.8,19.3895,19.42,8861.44,2957.12,22.55,0.8492,1656.18
11,Anheuser Busch,1007,Patron Silver Tequila,37.58166666666667,378.83000000000004,839,29160.54,738,37872.19,51.76259259259259,69.89,8861.44,8711.65,23.0,0.8796,3795.75
11,Anheuser Busch,1008,Jose Cuervo Gold,16.0725,186.32,1073,15231.73,988,20847.79,21.432222222222222,38.56,8861.44,5616.06,26.94,0.9208,1366.16
11,Anheuser Busch,1009,Hennessy VS Cognac,32.2675,289.63,740,21361.75,632,28053.81,44.232608695652175,50.89,8861.44,6692.06,23.85,0.8541,3484.89
11,Anheuser Busch,1010,Crown Royal Whisky,21.879166666666666,178.8,718,14414.91,649,19865.27,30.45,35.01,8861.44,5450.36,27.44,0.9039,1509.66
11,Anheuser Busch,1011,Woodford Reserve,29.76,323.2,1247,33580.84,1078,44408.8,41.146764705882354,69.92,8861.44,10827.96,24.38,0.8645,5029.44
11,Anheuser Busch,1012,Makers Mark,20.13,144.21,576,10434.97,493,13420.7,26.976250000000004,32.36,8861.44,2985.73,22.25,0.8559,1670.79
11,Anheuser Busch,1013,Bulleit Bourbon,22.037499999999998,198.46,758,14987.640000000001,662,20003.56,30.020999999999997,30.03,8861.44,5015.92,25.08,0.8734,2115.6
11,Anheuser Busch,1014,Tito's Handmade Vodka,15.112499999999999,160.04,826,10951.68,723,14423.779999999999,20.047407407407405,27.080000000000002,8861.44,3472.1,24.07,0.8753,1556.59
11,Anheuser Busch,1015,Smirnoff No.21,11.128333333333332,89.35,847,8379.25,750,11175.7,14.69,17.61,8861.44,2796.45,25.02,0.8855,1079.45
11,Anheuser Busch,1016,Tanqueray Gin,17.945833333333333,162.18,634,10229.31,570,14394.56,24.937826086956523,28.72,8861.44,4165.25,28.94,0.8991,1148.53
11,Anheuser Busch,1017,Bombay Sapphire,19.925000000000004,235.91,1121,20311.329999999998,964,26132.98,27.260344827586206,39.53,8861.44,5821.65,22.28,0.8599,3128.23
11,Anheuser Busch,1018,Captain Morgan Spiced,14.004166666666666,163.68,956,11957.64,855,16092.87,18.8485,37.7,8861.44,4135.23,25.7,0.8944,1414.42
11,Anheuser Busch,1019,Malibu Coconut Rum,13.078333333333331,150.56,1038,12023.65,886,15444.19,17.30972222222222,31.16,8861.44,3420.54,22.15,0.8536,1987.91
11,Anheuser Busch,1020,Southern Comfort,14.989166666666668,109.0,477,6417.07,418,8600.95,20.65952380952381,21.69,8861.44,2183.88,25.39,0.8763,884.36
11,Anheuser Busch,1021,Baileys Irish Cream,21.896666666666665,98.76,465,9123.57,421,12478.68,29.859333333333332,22.4,8861.44,3355.11,26.89,0.9054,963.45
11,Anheuser Busch,1022,Kahlua Coffee Liqueur,17.9175,260.09,1458,23622.59,1318,31696.73,24.213783783783782,44.81,8861.44,8074.14,25.47,0.904,2508.45
11,Anheuser Busch,1023,Evan Williams Bourbon,9.995000000000001,118.48,947,8584.27,817,11388.28,13.923333333333334,18.79,8861.44,2804.01,24.62,0.8627,1299.35
11,Anheuser Busch,1024,Wild Turkey 101,19.013333333333332,188.24,938,16083.06,842,21922.56,25.861428571428572,36.21,8861.44,5839.5,26.64,0.8977,1825.28
11,Anheuser Busch,1025,Jameson Irish Whiskey,24.9825,135.69,423,9538.38,358,11828.37,33.028571428571425,23.14,8861.44,2289.99,19.36,0.8463,1623.86
11,Anheuser Busch,1026,Glenfiddich 12yr,35.86416666666667,357.19,935,30526.34,807,39810.630000000005,48.55461538461539,63.11,8861.44,9284.29,23.32,0.8631,4590.61
11,Anheuser Busch,1027,The Macallan 12yr,55.36166666666667,606.33,1033,52617.06,898,68802.69,76.15888888888888,102.82,8861.44,16185.63,23.52,0.8693,7473.83
11,Anheuser Busch,1028,Belvedere Vodka,28.144166666666667,202.21,661,16721.23,569,21570.95,38.20666666666667,40.1,8861.44,4849.72,22.48,0.8608,2589.26
11,Anheuser Busch,1029,Don Julio Blanco,42.13916666666667,426.06,948,36840.14,854,49812.98,58.11454545454546,63.91,8861.44,12972.84,26.04,0.9008,3961.08
11,Anheuser Busch,1030,Casamigos Blanco,40.083333333333336,366.98,825,30226.49,698,36947.52,53.6788,67.08,8861.44,6721.03,18.19,0.8461,5090.58
12,Heineken,1001,Jack Daniels Old No.7,18.50583333333333,328.75,1559,25640.04,1345,34080.4,24.9412,62.35,11240.67,8440.36,24.77,0.8627,3960.25
12,Heineken,1002,Jim Beam White,12.042499999999999,130.02,1143,12412.24,980,15688.25,15.660333333333334,23.5,11240.67,3276.01,20.88,0.8574,1962.93
12,Heineken,1003,Johnnie Walker Black,27.86,406.42,1039,26596.88,914,35003.66,37.85594594594595,70.03,11240.67,8406.78,24.02,0.8797,3482.5
12,Heineken,1004,Bacardi Superior Rum,10.526666666666666,113.99,832,7918.09,721,10206.48,14.04551724137931,20.37,11240.67,2288.39,22.42,0.8666,1168.46
12,Heineken,1005,Grey Goose Vodka,24.13833333333334,300.88,1038,22290.05,886,27934.2,31.909117647058824,54.24,11240.67,5644.15,20.21,0.8536,3669.03
12,Heineken,1006,Absolut Vodka,13.917499999999999,152.82,921,11671.53,852,16034.26,18.95060606060606,31.27,11240.67,4362.73,27.21,0.9251,960.31
12,Heineken,1007,Patron Silver Tequila,37.58166666666667,546.41,1451,49585.69,1245,63835.08,51.407560975609755,105.38,11240.67,14249.39,22.32,0.858,7741.82
12,Heineken,1008,Jose Cuervo Gold,16.0725,159.06,876,12651.1,805,17818.67,22.23576923076923,28.9,11240.67,5167.57,29.0,0.9189,1141.15
12,Heineken,1009,Hennessy VS Cognac,32.2675,551.52,1648,48037.79,1483,64585.47,43.7004,109.26,11240.67,16547.68,25.62,0.8999,5324.14
12,Heineken,1010,Crown Royal Whisky,21.879166666666666,363.08,1683,33999.63,1503,46001.68,30.48125,60.99,11240.67,12002.05,26.09,0.893,3938.25
12,Heineken,1011,Woodford Reserve,29.76,454.71,1166,31212.53,1014,40769.44,40.14431818181818,88.32,11240.67,9556.91,23.44,0.8696,4523.52
12,Heineken,1012,Makers Mark,20.13,289.35,1342,24257.27,1139,31090.23,26.8209756097561,54.99,11240.67,6832.96,21.98,0.8487,4086.39
12,Heineken,1013,Bulleit Bourbon,22.037499999999998,218.89,902,17889.760000000002,797,23938.83,30.54689655172414,44.3,11240.67,6049.07,25.27,0.8836,2313.94
12,Heineken,1014,Tito's Handmade Vodka,15.112499999999997,230.98,1157,15747.24,999,20516.27,20.48170731707317,41.99,11240.67,4769.03,23.25,0.8634,2387.77
12,Heineken,1015,Smirnoff No.21,11.128333333333332,139.11,899,8982.27,789,11934.1,14.7796875,23.69,11240.67,2951.83,24.73,0.8776,1224.12
12,Heineken,1016,Tanqueray Gin,17.945833333333333,208.89,1218,19756.68,1070,26350.01,24.22290322580645,37.55,11240.67,6593.33,25.02,0.8785,2655.98
12,Heineken,1017,Bombay Sapphire,19.925000000000004,230.26999999999998,1308,23246.34,1179,30961.0,26.044193548387096,40.4,11240.67,7714.66,24.92,0.9014,2570.33
12,Heineken,1018,Captain Morgan Spiced,14.004166666666668,189.35,1324,16735.93,1171,22473.97,19.19938775510204,47.04,11240.67,5738.04,25.53,0.8844,2142.64
12,Heineken,1019,Malibu Coconut Rum,13.078333333333333,187.52,1203,14004.42,1097,19055.81,17.482068965517243,25.35,11240.67,5051.39,26.51,0.9119,1386.3
12,Heineken,1020,Southern Comfort,14.989166666666668,175.21,984,13238.56,815,16572.86,20.458823529411767,34.77,11240.67,3334.3,20.12,0.8283,2533.17
12,Heineken,1021,Baileys Irish Cream,21.896666666666665,458.05,1831,36725.75,1556,46430.37,29.577142857142857,93.13,11240.67,9704.62,20.9,0.8498,6021.58
12,Heineken,1022,Kahlua Coffee Liqueur,17.9175,306.54,1462,23551.48,1299,31146.38,24.05391304347826,55.33,11240.67,7594.9,24.38,0.8885,2920.55
12,Heineken,1023,Evan Williams Bourbon,9.995,180.97,1668,15164.86,1439,19652.38,13.579285714285716,28.53,11240.67,4487.52,22.83,0.8627,2288.86
12,Heineken,1024,Wild Turkey 101,19.013333333333332,270.3,1358,22965.06,1186,30708.15,25.67372093023256,55.23,11240.67,7743.09,25.22,0.8733,3270.29
12,Heineken,1025,Jameson Irish Whiskey,24.982499999999998,317.64,1271,28829.440000000002,1106,37710.95,34.38285714285714,48.13,11240.67,8881.51,23.55,0.8702,4122.11
12,Heineken,1026,Glenfiddich 12yr,35.86416666666667,840.78,2295,73999.83,1957,93784.74,48.00693548387097,148.85,11240.67,19784.91,21.1,0.8527,12122.09
12,Heineken,1027,The Macallan 12yr,55.36166666666667,787.49,1540,76379.89,1355,101893.62,74.09348837209302,159.33,11240.67,25513.73,25.04,0.8799,10241.91
12,Heineken,1028,Belvedere Vodka,28.144166666666663,555.29,1620,41082.27,1468,56584.89,37.53388888888889,101.32,11240.67,15502.62,27.4,0.9062,4277.91
12,Heineken,1029,Don Julio Blanco,42.13916666666667,641.89,1515,57120.229999999996,1308,74353.17,56.843,142.12,11240.67,17232.94,23.18,0.8634,8722.81
12,Heineken,1030,Casamigos Blanco,40.083333333333336,641.28,1659,58868.58,1514,80368.52,53.62348837209302,115.28,11240.67,21499.94,26.75,0.9126,5812.08
13,MS Walker,1001,Jack Daniels Old No.7,18.50583333333333,135.39,421,7137.150000000001,355,8719.04,24.80842105263158,23.57,8111.4,1581.89,18.14,0.8432,1221.38
13,MS Walker,1002,Jim Beam White,12.042499999999999,150.0,1151,12302.32,1015,16076.42,15.908235294117647,27.05,8111.4,3774.1,23.48,0.8818,1637.78
13,MS Walker,1003,Johnnie Walker Black,27.86,298.88,954,23909.11,858,31704.66,36.37777777777777,32.75,8111.4,7795.55,24.59,0.8994,2674.56
13,MS Walker,1004,Bacardi Superior Rum,10.526666666666666,105.65,818,7896.78,715,10384.37,14.445357142857144,20.24,8111.4,2487.59,23.96,0.8741,1084.25
13,MS Walker,1005,Grey Goose Vodka,24.138333333333335,233.27,916,19377.73,794,25179.96,31.528125,50.46,8111.4,5802.23,23.04,0.8668,2944.88
13,MS Walker,1006,Absolut Vodka,13.917499999999999,151.14000000000001,958,11999.57,824,15582.539999999999,18.937666666666665,28.41,8111.4,3582.97,22.99,0.8601,1864.94
13,MS Walker,1007,Patron Silver Tequila,37.58166666666667,274.26,720,24769.32,600,31664.89,51.408125,41.14,8111.4,6895.57,21.78,0.8333,4509.8
13,MS Walker,1008,Jose Cuervo Gold,16.0725,146.98,639,9437.73,565,12385.18,21.942666666666664,32.93,8111.4,2947.45,23.8,0.8842,1189.36
13,MS Walker,1009,Hennessy VS Cognac,32.2675,200.23,788,22554.93,684,28977.86,42.45923076923077,27.58,8111.4,6422.93,22.16,0.868,3355.82
13,MS Walker,1010,Crown Royal Whisky,21.879166666666666,256.27,1288,25298.420000000002,1165,34395.58,29.732499999999998,53.52,8111.4,9097.16,26.45,0.9045,2691.14
13,MS Walker,1011,Woodford Reserve,29.76,188.67000000000002,801,21583.28,695,28293.08,40.30352941176471,34.26,8111.4,6709.8,23.72,0.8677,3154.56
13,MS Walker,1012,Makers Mark,20.13,215.60999999999999,987,17727.11,911,24480.24,27.14966666666667,40.74,8111.4,6753.13,27.59,0.923,1529.88
13,MS Walker,1013,Bulleit Bourbon,22.037499999999998,178.8,823,16356.75,703,21299.43,30.036538461538463,39.07,8111.4,4942.68,23.21,0.8542,2644.5
13,MS Walker,1014,Tito's Handmade Vodka,15.112499999999999,163.29,997,13495.21,851,17063.82,20.321785714285713,28.48,8111.4,3568.61,20.91,0.8536,2206.42
13,MS Walker,1015,Smirnoff No.21,11.128333333333332,70.44,619,6273.21,558,8595.36,15.061818181818182,16.580000000000002,8111.4,2322.15,27.02,0.9015,678.83
13,MS Walker,1016,Tanqueray Gin,17.945833333333333,115.27000000000001,678,11127.66,615,14813.779999999999,24.435714285714287,17.11,8111.4,3686.12,24.88,0.9071,1130.59
13,MS Walker,1017,Bombay Sapphire,19.925,123.43,516,9119.24,464,11984.62,25.992631578947368,24.71,8111.4,2865.38,23.91,0.8992,1036.1
13,MS Walker,1018,Captain Morgan Spiced,14.004166666666668,123.18,887,10973.09,760,13689.210000000001,17.989583333333332,21.6,8111.4,2716.12,19.84,0.8568,1778.53
13,MS Walker,1019,Malibu Coconut Rum,13.078333333333333,70.6,407,4774.68,354,6192.97,17.58095238095238,18.47,8111.4,1418.29,22.9,0.8698,693.15
13,MS Walker,1020,Southern Comfort,14.989166666666668,173.18,948,12678.79,840,17137.03,20.496774193548386,31.77,8111.4,4458.24,26.02,0.8861,1618.83
13,MS Walker,1021,Baileys Irish Cream,21.896666666666665,157.81,587,11537.06,522,15284.11,29.50681818181818,32.46,8111.4,3747.05,24.52,0.8893,1423.28
13,MS Walker,1022,Kahlua Coffee Liqueur,17.9175,66.08,258,4241.85,225,5567.12,24.91625,9.97,8111.4,1325.27,23.81,0.8721,591.28
13,MS Walker,1023,Evan Williams Bourbon,9.995,134.33,1345,11974.87,1215,15935.72,13.247073170731706,27.14,8111.4,3960.85,24.86,0.9033,1299.35
13,MS Walker,1024,Wild Turkey 101,19.013333333333332,136.59,650,11074.28,576,14766.710000000001,25.769130434782607,29.63,8111.4,3692.43,25.01,0.8862,1406.99
13,MS Walker,1025,Jameson Irish Whiskey,24.9825,246.06,1059,23734.46,943,31503.62,33.3732,41.72,8111.4,7769.16,24.66,0.8905,2897.97
13,MS Walker,1026,Glenfiddich 12yr,35.86416666666667,462.48,1005,32929.15,832,40876.24,49.9725,79.99,8111.4,7947.09,19.44,0.8279,6204.5
13,MS Walker,1027,The Macallan 12yr,55.36166666666667,447.04,849,42106.23,746,53591.65,71.86727272727272,79.06,8111.4,11485.42,21.43,0.8787,5702.25
13,MS Walker,1028,Belvedere Vodka,28.144166666666667,249.23,786,19628.97,685,25176.13,37.083571428571425,51.92,8111.4,5547.16,22.03,0.8715,2842.56
13,MS Walker,1029,Don Julio Blanco,42.13916666666667,265.65,435,16693.079999999998,385,21974.74,56.67357142857143,39.65,8111.4,5281.66,24.04,0.8851,2106.96
13,MS Walker,1030,Casamigos Blanco,40.083333333333336,393.54,873,31140.55,755,39541.67,52.18228571428571,91.31,8111.4,8401.12,21.25,0.8648,4729.83
14,Ultra Spirits,1001,Jack Daniels Old No.7,18.50583333333333,436.38,1624,27399.17,1427,36038.55,25.05439393939394,82.67,11746.3,8639.38,23.97,0.8787,3645.65
14,Ultra Spirits,1002,Jim Beam White,12.042499999999999,128.69,997,10799.26,850,13987.87,16.232647058823527,27.62,11746.3,3188.61,22.8,0.8526,1770.25
14,Ultra Spirits,1003,Johnnie Walker Black,27.86,376.7,1478,36936.21,1263,47767.55,37.74424242424242,62.29,11746.3,10831.34,22.68,0.8545,5989.9
14,Ultra Spirits,1004,Bacardi Superior Rum,10.526666666666666,142.3,1175,11190.65,998,14445.61,14.332619047619048,30.1,11746.3,3254.96,22.53,0.8494,1863.22
14,Ultra Spirits,1005,Grey Goose Vodka,24.138333333333335,194.07,583,12593.48,497,16171.49,32.141666666666666,38.57,11746.3,3578.01,22.13,0.8525,2075.9
14,Ultra Spirits,1006,Absolut Vodka,13.917499999999999,288.54,2146,27014.39,1844,34237.42,18.49983606557377,56.46,11746.3,7223.03,21.1,0.8593,4203.08
14,Ultra Spirits,1007,Patron Silver Tequila,37.58166666666667,519.73,1297,44941.33,1138,60036.95,52.37365853658537,107.38,11746.3,15095.62,25.14,0.8774,5975.48
14,Ultra Spirits,1008,Jose Cuervo Gold,16.0725,357.88,1938,27692.99,1678,35539.18,21.40967213114754,65.31,11746.3,7846.19,22.08,0.8658,4178.85
14,Ultra Spirits,1009,Hennessy VS Cognac,32.2675,575.87,1777,50993.52,1560,67539.64,43.312105263157896,123.46,11746.3,16546.12,24.5,0.8779,7002.05
14,Ultra Spirits,1010,Crown Royal Whisky,21.879166666666666,376.83,1419,28194.54,1190,36034.74,30.188200000000002,75.5,11746.3,7840.2,21.76,0.8386,5010.33
14,Ultra Spirits,1011,Woodford Reserve,29.76,517.12,1369,37311.97,1198,49570.81,40.64392857142857,113.82,11746.3,12258.84,24.73,0.8751,5088.96
14,Ultra Spirits,1012,Makers Mark,20.13,397.71,1621,29145.71,1439,38810.1,27.119016393442624,82.72,11746.3,9664.39,24.9,0.8877,3663.66
14,Ultra Spirits,1013,Bulleit Bourbon,22.037499999999998,254.65,1012,19754.06,875,26245.0,30.08967741935484,46.65,11746.3,6490.94,24.73,0.8646,3019.14
14,Ultra Spirits,1014,Tito's Handmade Vodka,15.112499999999999,258.24,1240,16736.47,1100,22351.82,20.423728813559322,60.27,11746.3,5615.35,25.12,0.8871,2115.75
14,Ultra Spirits,1015,Smirnoff No.21,11.128333333333332,186.89000000000001,1692,16613.84,1526,22348.8,14.707241379310345,42.65,11746.3,5734.96,25.66,0.9019,1847.3
14,Ultra Spirits,1016,Tanqueray Gin,17.945833333333333,178.38,962,15523.26,849,20742.41,24.45142857142857,42.8,11746.3,5219.15,25.16,0.8825,2027.88
14,Ultra Spirits,1017,Bombay Sapphire,19.925,324.51,1408,25550.78,1209,33079.8,26.94,45.82,11746.3,7529.02,22.76,0.8587,3965.08
14,Ultra Spirits,1018,Captain Morgan Spiced,14.004166666666668,126.44,841,10678.95,758,14230.11,18.774166666666666,22.52,11746.3,3551.16,24.96,0.9013,1162.35
14,Ultra Spirits,1019,Malibu Coconut Rum,13.078333333333333,140.66,1087,12706.73,990,17002.579999999998,17.39690476190476,36.54,11746.3,4295.85,25.27,0.9108,1268.6
14,Ultra Spirits,1020,Southern Comfort,14.989166666666668,270.06,1488,20140.16,1286,26034.11,20.21,41.44,11746.3,5893.95,22.64,0.8642,3027.81
14,Ultra Spirits,1021,Baileys Irish Cream,21.896666666666665,377.19,1819,35980.4,1559,46092.61,29.939148936170216,70.37,11746.3,10112.21,21.94,0.8571,5693.13
14,Ultra Spirits,1022,Kahlua Coffee Liqueur,17.9175,309.15999999999997,1471,24014.97,1278,31689.97,24.423409090909093,53.75,11746.3,7675.0,24.22,0.8688,3458.08
14,Ultra Spirits,1023,Evan Williams Bourbon,9.995,199.77,1769,16026.24,1529,20765.31,13.681132075471698,36.269999999999996,11746.3,4739.07,22.82,0.8643,2398.8
14,Ultra Spirits,1024,Wild Turkey 101,19.013333333333332,290.07,1487,25357.239999999998,1327,34151.22,25.672682926829268,52.64,11746.3,8793.98,25.75,0.8924,3042.13
14,Ultra Spirits,1025,Jameson Irish Whiskey,24.9825,451.93,1583,35810.55,1372,46791.61,34.1078431372549,87.01,11746.3,10981.06,23.47,0.8667,5271.31
14,Ultra Spirits,1026,Glenfiddich 12yr,35.86416666666667,510.91,1164,37006.07,1019,49671.09,48.588421052631574,92.36,11746.3,12665.02,25.5,0.8754,5200.3
14,Ultra Spirits,1027,The Macallan 12yr,55.361666666666665,995.99,1779,88461.23,1555,115623.38,73.83200000000001,166.12,11746.3,27162.15,23.49,0.8741,12401.01
14,Ultra Spirits,1028,Belvedere Vodka,28.144166666666663,481.48,1723,43735.13,1497,57778.45,38.30717948717949,74.69,11746.3,14043.32,24.31,0.8688,6360.58
14,Ultra Spirits,1029,Don Julio Blanco,42.13916666666667,716.12,1383,52279.83,1207,68293.71,56.01759259259259,151.23,11746.3,16013.88,23.45,0.8727,7416.49
14,Ultra Spirits,1030,Casamigos Blanco,40.083333333333336,718.77,1570,56591.23,1351,72423.38,53.89044444444445,121.28,11746.3,15832.15,21.86,0.8605,8778.25
15,National Wine & Spirits,1001,Jack Daniels Old No.7,18.50583333333333,180.1,975,16038.89,845,20552.69,24.30933333333333,36.48,6278.87,4513.8,21.96,0.8667,2405.76
15,National Wine & Spirits,1002,Jim Beam White,12.042499999999999,62.99,314,3267.61,268,4185.09,15.991428571428571,11.2,6278.87,917.48,21.92,0.8535,553.95
15,National Wine & Spirits,1003,Johnnie Walker Black,27.86,330.12,1018,25804.95,847,33024.88,39.29513513513514,72.7,6278.87,7219.93,21.86,0.832,4764.06
15,National Wine & Spirits,1004,Bacardi Superior Rum,10.526666666666666,111.93,921,8605.0,821,11469.53,13.93,16.73,6278.87,2864.53,24.98,0.8914,1052.67
15,National Wine & Spirits,1005,Grey Goose Vodka,24.138333333333335,173.47,795,17294.56,717,23595.75,32.444545454545455,35.72,6278.87,6301.19,26.7,0.9019,1882.79
15,National Wine & Spirits,1006,Absolut Vodka,13.917499999999999,126.6,711,9021.210000000001,639,11895.86,18.849565217391305,21.69,6278.87,2874.65,24.17,0.8987,1002.06
15,National Wine & Spirits,1007,Patron Silver Tequila,37.58166666666667,169.76999999999998,483,16202.96,423,20811.85,50.294,25.15,6278.87,4608.89,22.15,0.8758,2254.9
15,National Wine & Spirits,1008,Jose Cuervo Gold,16.0725,85.78,581,8287.28,501,10422.99,20.948571428571427,14.66,6278.87,2135.71,20.49,0.8623,1285.8
15,National Wine & Spirits,1009,Hennessy VS Cognac,32.2675,259.79,826,23876.75,731,31849.21,43.142799999999994,53.93,6278.87,7972.46,25.03,0.885,3065.41
15,National Wine & Spirits,1010,Crown Royal Whisky,21.879166666666666,136.75,658,12836.619999999999,584,16666.94,28.966363636363635,31.85,6278.87,3830.32,22.98,0.8875,1619.06
15,National Wine & Spirits,1011,Woodford Reserve,29.76,213.22,563,15067.13,478,19065.85,40.227,60.339999999999996,6278.87,3998.72,20.97,0.849,2529.6
15,National Wine & Spirits,1012,Makers Mark,20.13,268.96,1208,21541.66,1071,27914.52,26.573170731707318,54.47,6278.87,6372.86,22.83,0.8866,2757.81
15,National Wine & Spirits,1013,Bulleit Bourbon,22.037499999999998,177.07,572,11184.619999999999,503,15014.22,29.787894736842105,28.29,6278.87,3829.6,25.51,0.8794,1520.59
15,National Wine & Spirits,1014,Tito's Handmade Vodka,15.112499999999999,147.0,849,11355.89,778,15536.23,19.812272727272727,21.82,6278.87,4180.34,26.91,0.9164,1072.99
15,National Wine & Spirits,1015,Smirnoff No.21,11.128333333333332,119.76,1153,11528.32,991,14579.12,14.68735294117647,24.99,6278.87,3050.8,20.93,0.8595,1802.79
15,National Wine & Spirits,1016,Tanqueray Gin,17.945833333333333,97.68,335,5481.88,284,7050.7,25.127142857142854,17.61,6278.87,1568.82,22.25,0.8478,915.24
15,National Wine & Spirits,1017,Bombay Sapphire,19.925,109.56,401,7326.12,339,9473.19,27.431874999999998,21.96,6278.87,2147.07,22.66,0.8454,1235.35
15,National Wine & Spirits,1018,Captain Morgan Spiced,14.004166666666668,111.79,853,10592.25,731,13905.08,18.752608695652174,21.59,6278.87,3312.83,23.82,0.857,1708.51
15,National Wine & Spirits,1019,Malibu Coconut Rum,13.078333333333333,140.41,1152,13411.33,1018,17654.11,17.6872,22.11,6278.87,4242.78,24.03,0.8837,1752.5
15,National Wine & Spirits,1020,Southern Comfort,14.989166666666668,107.36,675,8977.81,564,11373.22,20.06421052631579,19.060000000000002,6278.87,2395.41,21.06,0.8356,1663.8
15,National Wine & Spirits,1021,Baileys Irish Cream,21.896666666666665,300.75,1137,22748.510000000002,1012,30542.08,30.048636363636366,66.13,6278.87,7793.57,25.52,0.8901,2737.08
15,National Wine & Spirits,1022,Kahlua Coffee Liqueur,17.9175,194.12,934,15103.41,819,19633.68,23.982777777777777,43.19,6278.87,4530.27,23.07,0.8769,2060.51
15,National Wine & Spirits,1023,Evan Williams Bourbon,9.995,71.74,544,4814.59,472,6196.74,13.604545454545455,14.98,6278.87,1382.15,22.3,0.8676,719.64
15,National Wine & Spirits,1024,Wild Turkey 101,19.013333333333332,121.39,578,10018.48,486,12801.93,25.988,19.51,6278.87,2783.45,21.74,0.8408,1749.23
15,National Wine & Spirits,1025,Jameson Irish Whiskey,24.9825,178.14,678,15179.89,613,21024.329999999998,33.699600000000004,42.15,6278.87,5844.44,27.8,0.9041,1623.86
15,National Wine & Spirits,1026,Glenfiddich 12yr,35.86416666666667,457.82,1187,39047.58,1005,49042.17,48.82157894736842,92.77,6278.87,9994.59,20.38,0.8467,6527.28
15,National Wine & Spirits,1027,The Macallan 12yr,55.36166666666667,445.55,844,41662.12,750,55402.74,74.30333333333334,100.33,6278.87,13740.62,24.8,0.8886,5204.0
15,National Wine & Spirits,1028,Belvedere Vodka,28.144166666666667,229.0,750,19163.7,651,25037.62,37.9178947368421,36.03,6278.87,5873.92,23.46,0.868,2786.27
15,National Wine & Spirits,1029,Don Julio Blanco,42.13916666666667,526.34,895,33793.41,758,42552.47,56.77794117647059,96.54,6278.87,8759.06,20.58,0.8469,5773.07
15,National Wine & Spirits,1030,Casamigos Blanco,40.083333333333336,357.27,783,27986.13,692,36287.09,53.074444444444445,71.63,6278.87,8300.96,22.88,0.8838,3647.58
16,Southern Wine,1001,Jack Daniels Old No.7,18.50583333333333,297.01,1608,26577.27,1402,34541.83,24.40804347826087,56.11,11838.35,7964.56,23.06,0.8719,3812.2
16,Southern Wine,1002,Jim Beam White,12.042499999999999,173.81,1017,11001.29,860,14110.3,16.362391304347824,37.65,11838.35,3109.01,22.03,0.8456,1890.67
16,Southern Wine,1003,Johnnie Walker Black,27.859999999999996,355.61,897,22738.76,781,29559.3,38.054102564102564,74.19,11838.35,6820.54,23.07,0.8707,3231.76
16,Southern Wine,1004,Bacardi Superior Rum,10.526666666666666,139.26,1268,11813.24,1126,15604.29,13.782142857142858,28.97,11838.35,3791.05,24.29,0.888,1494.79
16,Southern Wine,1005,Grey Goose Vodka,24.138333333333335,393.82,1478,32260.33,1275,41760.32,32.676,73.52,11838.35,9499.99,22.75,0.8627,4900.08
16,Southern Wine,1006,Absolut Vodka,13.917499999999999,176.45999999999998,1095,13788.23,983,18315.56,18.615454545454543,30.73,11838.35,4527.33,24.72,0.8977,1558.76
16,Southern Wine,1007,Patron Silver Tequila,37.58166666666667,551.16,1132,38912.52,973,50199.14,51.51578947368421,97.87,11838.35,11286.62,22.48,0.8595,5975.48
16,Southern Wine,1008,Jose Cuervo Gold,16.0725,173.83,1025,14901.26,908,19803.77,21.581176470588236,36.68,11838.35,4902.51,24.76,0.8859,1880.48
16,Southern Wine,1009,Hennessy VS Cognac,32.2675,429.08,1200,34506.02,1034,44175.87,42.99605263157895,81.71,11838.35,9669.85,21.89,0.8617,5356.4
16,Southern Wine,1010,Crown Royal Whisky,21.879166666666666,292.83,1485,28819.47,1277,37850.33,29.69212121212121,48.96,11838.35,9030.86,23.86,0.8599,4550.87
16,Southern Wine,1011,Woodford Reserve,29.76,516.05,1249,34037.13,1061,43616.65,40.94625,81.93,11838.35,9579.52,21.96,0.8495,5594.88
16,Southern Wine,1012,Makers Mark,20.13,320.99,1071,19087.08,907,23728.7,26.316545454545455,72.39,11838.35,4641.62,19.56,0.8469,3301.32
16,Southern Wine,1013,Bulleit Bourbon,22.037499999999998,159.85,828,16531.9,678,20347.04,30.468125,24.37,11838.35,3815.14,18.75,0.8188,3305.62
16,Southern Wine,1014,Tito's Handmade Vodka,15.1125,269.42,1416,19084.77,1204,23985.21,19.973799999999997,49.94,11838.35,4900.44,20.43,0.8503,3203.85
16,Southern Wine,1015,Smirnoff No.21,11.128333333333332,138.47,1066,10530.83,927,13854.56,15.09258064516129,23.39,11838.35,3323.73,23.99,0.8696,1546.84
16,Southern Wine,1016,Tanqueray Gin,17.945833333333333,438.24,1993,32351.04,1727,42353.54,24.373142857142856,85.28999999999999,11838.35,10002.5,23.62,0.8665,4773.59
16,Southern Wine,1017,Bombay Sapphire,19.925,272.87,1167,21205.27,1027,28363.23,27.77,47.2,11838.35,7157.96,25.24,0.88,2789.5
16,Southern Wine,1018,Captain Morgan Spiced,14.004166666666668,251.12,1587,19888.38,1336,25030.56,18.801923076923078,48.88,11838.35,5142.18,20.54,0.8418,3515.05
16,Southern Wine,1019,Malibu Coconut Rum,13.078333333333333,186.54,1153,13424.96,1027,17992.37,17.7178125,28.35,11838.35,4567.41,25.39,0.8907,1647.87
16,Southern Wine,1020,Southern Comfort,14.98916666666667,150.14,1026,14015.68,893,18611.22,20.801904761904762,21.880000000000003,11838.35,4595.54,24.69,0.8704,1993.56
16,Southern Wine,1021,Baileys Irish Cream,21.896666666666665,360.48,1807,36187.18,1645,49715.54,30.20921568627451,77.07,11838.35,13528.36,27.21,0.9103,3547.26
16,Southern Wine,1022,Kahlua Coffee Liqueur,17.9175,230.2,1278,21069.66,1067,26475.31,24.673636363636366,40.71,11838.35,5405.65,20.42,0.8349,3780.59
16,Southern Wine,1023,Evan Williams Bourbon,9.995,99.88,1013,9197.92,861,12003.38,13.804210526315789,13.11,11838.35,2805.46,23.37,0.85,1519.24
16,Southern Wine,1024,Wild Turkey 101,19.013333333333332,189.33,949,16406.12,815,21075.04,26.1708,32.74,11838.35,4668.92,22.15,0.8588,2547.79
16,Southern Wine,1025,Jameson Irish Whiskey,24.9825,469.95,1461,32662.15,1279,42470.38,33.26326923076923,86.49,11838.35,9808.23,23.09,0.8754,4546.82
16,Southern Wine,1026,Glenfiddich 12yr,35.86416666666667,614.1800000000001,1308,42596.37,1137,55872.590000000004,48.80666666666667,109.81,11838.35,13276.22,23.76,0.8693,6132.77
16,Southern Wine,1027,The Macallan 12yr,55.36166666666667,841.07,1345,66288.3,1129,82270.08,74.03641025641026,144.38,11838.35,15981.78,19.43,0.8394,11958.12
16,Southern Wine,1028,Belvedere Vodka,28.144166666666667,526.48,1336,33505.7,1201,45690.38,38.02090909090909,83.67,11838.35,12184.68,26.67,0.899,3799.46
16,Southern Wine,1029,Don Julio Blanco,42.13916666666667,563.0600000000001,1140,42895.14,992,57085.75,56.648888888888884,101.94,11838.35,14190.61,24.86,0.8702,6236.6
16,Southern Wine,1030,Casamigos Blanco,40.083333333333336,396.08,958,34205.0,847,45303.159999999996,53.39633333333334,80.09,11838.35,11098.16,24.5,0.8841,4449.25
17,Republic National,1001,Jack Daniels Old No.7,18.50583333333333,284.74,1472,24788.25,1302,32459.97,25.04952380952381,52.58,9048.37,7671.72,23.63,0.8845,3145.99
17,Republic National,1002,Jim Beam White,12.042499999999999,193.32,1487,15934.57,1283,20726.14,16.134042553191488,37.91,9048.37,4791.57,23.12,0.8628,2456.67
17,Republic National,1003,Johnnie Walker Black,27.86,397.93,984,24522.84,865,32204.0,37.40611111111111,67.34,9048.37,7681.16,23.85,0.8791,3315.34
17,Republic National,1004,Bacardi Superior Rum,10.526666666666666,84.78,656,6175.34,551,7733.78,14.219444444444443,12.81,9048.37,1558.44,20.15,0.8399,1105.3
17,Republic National,1005,Grey Goose Vodka,24.138333333333335,320.47,1018,21735.2,860,28042.14,32.49060606060606,53.6,9048.37,6306.94,22.49,0.8448,3813.86
17,Republic National,1006,Absolut Vodka,13.917499999999999,213.18,1240,15531.53,1071,19888.27,18.780444444444445,42.28,9048.37,4356.74,21.91,0.8637,2352.06
17,Republic National,1007,Patron Silver Tequila,37.58166666666667,373.78,689,23189.829999999998,627,31652.41,50.56676470588235,85.98,9048.37,8462.58,26.74,0.91,2330.06
17,Republic National,1008,Jose Cuervo Gold,16.0725,215.28,1098,15687.64,979,20513.59,21.145128205128206,41.24,9048.37,4825.95,23.53,0.8916,1912.63
17,Republic National,1009,Hennessy VS Cognac,32.2675,315.73,840,24149.71,715,31161.09,43.538518518518515,58.76,9048.37,7011.38,22.5,0.8512,4033.44
17,Republic National,1010,Crown Royal Whisky,21.879166666666666,178.69,665,13226.88,587,17306.97,28.91105263157895,27.45,9048.37,4080.09,23.57,0.8827,1706.58
17,Republic National,1011,Woodford Reserve,29.76,433.59,1229,33007.13,1103,44449.56,41.03720930232558,88.27,9048.37,11442.43,25.74,0.8975,3749.76
17,Republic National,1012,Makers Mark,20.13,219.25,927,16927.45,788,21840.9,27.543529411764705,46.83,9048.37,4913.45,22.5,0.8501,2798.07
17,Republic National,1013,Bulleit Bourbon,22.037499999999998,159.81,767,15245.22,677,20228.07,29.87,32.87,9048.37,4982.85,24.63,0.8827,1983.37
17,Republic National,1014,Tito's Handmade Vodka,15.112499999999999,202.37,956,12966.65,768,15436.25,19.81297297297297,36.68,9048.37,2469.6,16.0,0.8033,2841.15
17,Republic National,1015,Smirnoff No.21,11.128333333333332,137.12,994,9730.12,874,13044.06,14.9016,18.66,9048.37,3313.94,25.41,0.8793,1335.4
17,Republic National,1016,Tanqueray Gin,17.945833333333333,177.87,923,14942.210000000001,816,19745.26,24.320689655172412,35.27,9048.37,4803.05,24.33,0.8841,1920.2
17,Republic National,1017,Bombay Sapphire,19.925,253.19,1035,18945.14,881,24090.15,27.195333333333334,40.8,9048.37,5145.01,21.36,0.8512,3068.45
17,Republic National,1018,Captain Morgan Spiced,14.004166666666666,163.3,791,9855.74,691,13121.36,19.141470588235297,32.57,9048.37,3265.62,24.89,0.8736,1400.42
17,Republic National,1019,Malibu Coconut Rum,13.078333333333333,209.75,1344,15553.47,1172,20622.85,17.479130434782608,40.21,9048.37,5069.38,24.58,0.872,2249.47
17,Republic National,1020,Southern Comfort,14.989166666666668,173.33,1301,17344.2,1111,21971.81,19.73576923076923,25.64,9048.37,4627.61,21.06,0.854,2847.94
17,Republic National,1021,Baileys Irish Cream,21.896666666666665,293.05,1282,24807.88,1123,32999.45,29.424545454545456,64.73,9048.37,8191.57,24.82,0.876,3481.57
17,Republic National,1022,Kahlua Coffee Liqueur,17.9175,193.64,882,14199.44,766,18534.85,24.261785714285715,33.97,9048.37,4335.41,23.39,0.8685,2078.43
17,Republic National,1023,Evan Williams Bourbon,9.995000000000001,117.84,1087,9861.11,955,13153.81,13.783529411764706,23.47,9048.37,3292.7,25.03,0.8786,1319.34
17,Republic National,1024,Wild Turkey 101,19.013333333333332,171.81,615,10643.64,535,14161.59,26.017916666666665,31.2,9048.37,3517.95,24.84,0.8699,1521.07
17,Republic National,1025,Jameson Irish Whiskey,24.9825,292.21,753,16903.82,672,23137.3,33.92703703703704,45.79,9048.37,6233.48,26.94,0.8924,2023.58
17,Republic National,1026,Glenfiddich 12yr,35.86416666666667,229.78,575,19170.4,515,25698.28,49.33,61.68,9048.37,6527.88,25.4,0.8957,2151.85
17,Republic National,1027,The Macallan 12yr,55.36166666666667,1202.91,2041,102420.81,1789,134949.78,75.35666666666667,214.77,9048.37,32528.97,24.1,0.8765,13951.14
17,Republic National,1028,Belvedere Vodka,28.144166666666667,199.85,759,18769.9,671,25191.43,37.46421052631579,35.6,9048.37,6421.53,25.49,0.8841,2476.69
17,Republic National,1029,Don Julio Blanco,42.13916666666667,374.97,706,26421.47,608,33957.5,56.14739130434783,64.57000000000001,9048.37,7536.03,22.19,0.8612,4129.64
17,Republic National,1030,Casamigos Blanco,40.083333333333336,321.63,927,33203.3,784,41657.79,53.37884615384615,69.39,9048.37,8454.49,20.3,0.8457,5731.92
18,Glazer's,1001,Jack Daniels Old No.7,18.50583333333333,198.5,891,14735.699999999999,785,19540.28,24.88,44.8,10583.98,4804.58,24.59,0.881,1961.62
18,Glazer's,1002,Jim Beam White,12.042499999999999,163.85,1014,10995.34,890,14282.25,16.12258064516129,25.0,10583.98,3286.91,23.01,0.8777,1493.27
18,Glazer's,1003,Johnnie Walker Black,27.86,458.94,1336,33883.18,1193,46319.17,39.223333333333336,82.39,10583.98,12435.99,26.85,0.893,3983.98
18,Glazer's,1004,Bacardi Superior Rum,10.526666666666666,95.73,819,7888.47,731,10428.01,14.423636363636364,15.89,10583.98,2539.54,24.35,0.8926,926.35
18,Glazer's,1005,Grey Goose Vodka,24.138333333333335,325.09,869,18828.32,746,23990.65,32.148717948717945,62.71,10583.98,5162.33,21.52,0.8585,2969.02
18,Glazer's,1006,Absolut Vodka,13.917499999999997,139.16,895,11348.38,776,14758.17,18.507692307692306,24.04,10583.98,3409.79,23.1,0.867,1656.18
18,Glazer's,1007,Patron Silver Tequila,37.58166666666667,342.23,872,29900.18,735,36896.71,49.95083333333333,59.95,10583.98,6996.53,18.96,0.8429,5148.69
18,Glazer's,1008,Jose Cuervo Gold,16.0725,114.03,786,11237.6,681,14061.33,20.445625,16.34,10583.98,2823.73,20.08,0.8664,1687.61
18,Glazer's,1009,Hennessy VS Cognac,32.2675,433.98,1323,38362.5,1112,47801.34,42.75738095238095,89.78,10583.98,9438.84,19.75,0.8405,6808.44
18,Glazer's,1010,Crown Royal Whisky,21.879166666666666,238.38,907,18031.6,775,23310.87,30.21037037037037,40.8,10583.98,5279.27,22.65,0.8545,2888.05
18,Glazer's,1011,Woodford Reserve,29.76,428.26,882,23706.2,770,30784.66,39.961388888888884,71.94,10583.98,7078.46,22.99,0.873,3333.12
18,Glazer's,1012,Makers Mark,20.13,142.22,611,10805.37,531,14527.98,27.396315789473682,26.03,10583.98,3722.61,25.62,0.8691,1610.4
18,Glazer's,1013,Bulleit Bourbon,22.037499999999998,256.96,1134,22366.18,960,28496.97,30.011000000000003,45.02,10583.98,6130.79,21.51,0.8466,3834.52
18,Glazer's,1014,Tito's Handmade Vodka,15.112499999999997,227.64,1328,17778.82,1155,23224.57,20.28909090909091,33.5,10583.98,5445.75,23.45,0.8697,2614.46
18,Glazer's,1015,Smirnoff No.21,11.128333333333332,179.56,1475,14657.95,1278,18829.38,14.887333333333332,33.49,10583.98,4171.43,22.15,0.8664,2192.28
18,Glazer's,1016,Tanqueray Gin,17.945833333333333,162.7,772,12492.51,679,16067.33,23.933846153846154,31.13,10583.98,3574.82,22.25,0.8795,1668.96
18,Glazer's,1017,Bombay Sapphire,19.925,195.24,1009,17862.41,887,23600.9,26.587878787878786,43.89,10583.98,5738.49,24.31,0.8791,2430.85
18,Glazer's,1018,Captain Morgan Spiced,14.004166666666668,102.76,689,8929.06,616,11726.25,18.8825,15.09,10583.98,2797.19,23.85,0.894,1022.3
18,Glazer's,1019,Malibu Coconut Rum,13.078333333333333,315.76,2469,28970.44,2205,39240.21,17.835500000000003,53.53,10583.98,10269.77,26.17,0.8931,3452.68
18,Glazer's,1020,Southern Comfort,14.989166666666668,177.03,961,13175.22,835,17378.0,20.43054054054054,37.8,10583.98,4202.78,24.18,0.8689,1888.64
18,Glazer's,1021,Baileys Irish Cream,21.896666666666665,358.78999999999996,1608,32129.56,1412,42489.47,30.050408163265306,73.64,10583.98,10359.91,24.38,0.8781,4291.75
18,Glazer's,1022,Kahlua Coffee Liqueur,17.9175,303.15,1383,22063.43,1164,27835.36,23.779090909090908,65.38,10583.98,5771.93,20.74,0.8416,3923.93
18,Glazer's,1023,Evan Williams Bourbon,9.995,97.91,675,6033.65,580,7845.18,13.275,18.599999999999998,10583.98,1811.53,23.09,0.8593,949.52
18,Glazer's,1024,Wild Turkey 101,19.013333333333332,221.68,725,12346.86,629,15700.79,25.447586206896553,36.92,10583.98,3353.93,21.36,0.8676,1825.28
18,Glazer's,1025,Jameson Irish Whiskey,24.9825,197.87,785,17185.21,680,22289.88,33.3948275862069,48.410000000000004,10583.98,5104.67,22.9,0.8662,2623.16
18,Glazer's,1026,Glenfiddich 12yr,35.86416666666667,415.18,1280,40921.6,1107,54564.07,49.764,74.66,10583.98,13642.47,25.0,0.8648,6204.5
18,Glazer's,1027,The Macallan 12yr,55.361666666666665,943.26,1647,81958.55,1432,106528.52,75.07681818181818,165.18,10583.98,24569.97,23.06,0.8695,11902.76
18,Glazer's,1028,Belvedere Vodka,28.144166666666667,429.48,1366,34500.71,1204,45613.58,37.78217391304348,86.92,10583.98,11112.87,24.36,0.8814,4559.36
18,Glazer's,1029,Don Julio Blanco,42.13916666666667,649.14,1323,50661.53,1159,65534.17,56.95564102564102,111.06,10583.98,14872.64,22.69,0.876,6910.82
18,Glazer's,1030,Casamigos Blanco,40.083333333333336,574.73,1322,47614.51,1194,63742.19,53.42478260869565,122.88,10583.98,16127.68,25.3,0.9032,5130.67
19,Young's Market,1001,Jack Daniels Old No.7,18.50583333333333,185.32999999999998,1006,17008.44,891,22461.8,25.39,30.47,9390.23,5453.36,24.28,0.8857,2128.17
19,Young's Market,1002,Jim Beam White,12.042499999999999,141.02,1260,13636.119999999999,1101,17625.72,15.874848484848485,26.21,9390.23,3989.6,22.64,0.8738,1914.76
19,Young's Market,1003,Johnnie Walker Black,27.86,430.0,1420,36020.340000000004,1255,47695.75,38.217,76.42999999999999,9390.23,11675.41,24.48,0.8838,4596.9
19,Young's Market,1004,Bacardi Superior Rum,10.526666666666666,144.08,1047,10064.51,921,13031.85,14.26325,28.54,9390.23,2967.34,22.77,0.8797,1326.36
19,Young's Market,1005,Grey Goose Vodka,24.138333333333335,345.24,1175,25456.53,1023,33050.01,32.46414634146341,66.55,9390.23,7593.48,22.98,0.8706,3669.03
19,Young's Market,1006,Absolut Vodka,13.917499999999997,138.12,870,10905.82,724,13604.66,18.892222222222223,25.5,9390.23,2698.84,19.84,0.8322,2031.95
19,Young's Market,1007,Patron Silver Tequila,37.58166666666667,418.03000000000003,1048,36574.270000000004,880,45396.98,51.81885714285715,90.73,9390.23,8822.71,19.43,0.8397,6313.72
19,Young's Market,1008,Jose Cuervo Gold,16.0725,231.13,1228,17639.1,1045,21817.5,21.189411764705884,36.01,9390.23,4178.4,19.15,0.851,2941.27
19,Young's Market,1009,Hennessy VS Cognac,32.2675,233.48,630,18406.46,535,23107.63,44.09285714285714,30.86,9390.23,4701.17,20.34,0.8492,3065.41
19,Young's Market,1010,Crown Royal Whisky,21.879166666666666,159.54,584,11528.38,489,14892.49,30.413333333333338,31.96,9390.23,3364.11,22.59,0.8373,2078.52
19,Young's Market,1011,Woodford Reserve,29.760000000000005,241.89,733,19958.11,628,25327.239999999998,39.90692307692307,51.86,9390.23,5369.13,21.2,0.8568,3124.8
19,Young's Market,1012,Makers Mark,20.13,270.4,1203,21734.19,1089,29867.37,27.05135135135135,50.04,9390.23,8133.18,27.23,0.9052,2294.82
19,Young's Market,1013,Bulleit Bourbon,22.037499999999998,240.34,936,18671.01,788,24206.72,30.453636363636363,50.25,9390.23,5535.71,22.87,0.8419,3261.55
19,Young's Market,1014,Tito's Handmade Vodka,15.112499999999999,147.34,812,10937.52,681,13843.22,20.23166666666667,30.34,9390.23,2905.7,20.99,0.8387,1979.74
19,Young's Market,1015,Smirnoff No.21,11.128333333333332,138.5,1357,13484.74,1168,17113.35,14.758222222222223,33.22,9390.23,3628.61,21.2,0.8607,2103.25
19,Young's Market,1016,Tanqueray Gin,17.945833333333333,255.61,1550,24832.77,1316,31553.06,23.814878048780486,48.839999999999996,9390.23,6720.29,21.3,0.849,4199.32
19,Young's Market,1017,Bombay Sapphire,19.925,247.33,1100,19386.39,989,25846.44,26.34142857142857,36.88,9390.23,6460.05,24.99,0.8991,2211.68
19,Young's Market,1018,Captain Morgan Spiced,14.004166666666668,176.12,1115,14029.699999999999,976,18332.82,18.84111111111111,33.9,9390.23,4303.12,23.47,0.8753,1946.58
19,Young's Market,1019,Malibu Coconut Rum,13.078333333333333,105.43,745,8722.24,652,11307.84,17.270434782608696,19.89,9390.23,2585.6,22.87,0.8752,1216.29
19,Young's Market,1020,Southern Comfort,14.98916666666667,149.65,1024,13892.35,889,17988.07,20.243703703703705,27.32,9390.23,4095.72,22.77,0.8682,2023.54
19,Young's Market,1021,Baileys Irish Cream,21.896666666666665,115.34,512,9865.73,464,13597.449999999999,29.264666666666663,21.95,9390.23,3731.72,27.44,0.9062,1051.04
19,Young's Market,1022,Kahlua Coffee Liqueur,17.9175,257.46,1454,23440.15,1261,31371.010000000002,24.63578947368421,46.83,9390.23,7930.86,25.28,0.8673,3458.08
19,Young's Market,1023,Evan Williams Bourbon,9.995,126.3,1117,10036.02,942,12790.59,13.506578947368421,25.66,9390.23,2754.57,21.54,0.8433,1749.12
19,Young's Market,1024,Wild Turkey 101,19.013333333333332,254.35999999999999,1080,18428.49,954,24350.57,25.4025,45.730000000000004,9390.23,5922.08,24.32,0.8833,2395.68
19,Young's Market,1025,Jameson Irish Whiskey,24.9825,406.21,1808,40816.86,1619,55038.22,33.62047619047619,70.6,9390.23,14221.36,25.84,0.8955,4721.69
19,Young's Market,1026,Glenfiddich 12yr,35.86416666666667,290.57,983,31766.05,873,42951.729999999996,49.146,49.13,9390.23,11185.68,26.04,0.8881,3945.06
19,Young's Market,1027,The Macallan 12yr,55.36166666666667,652.12,880,44544.73,749,56459.86,74.09725,148.19,9390.23,11915.13,21.1,0.8511,7252.38
19,Young's Market,1028,Belvedere Vodka,28.144166666666667,323.92,997,24707.16,822,30787.35,37.638214285714284,52.66,9390.23,6080.19,19.75,0.8245,4925.23
19,Young's Market,1029,Don Julio Blanco,42.13916666666667,338.34,911,34203.85,778,43691.42,56.54526315789473,53.74,9390.23,9487.57,21.71,0.854,5604.51
19,Young's Market,1030,Casamigos Blanco,40.083333333333336,536.59,1084,38625.57,965,51820.86,53.64702702702703,99.26,9390.23,13195.29,25.46,0.8902,4769.92
20,Breakthru Beverage,1001,Jack Daniels Old No.7,18.50583333333333,167.62,913,15269.36,772,19325.28,25.19645161290323,39.06,8668.95,4055.92,20.99,0.8456,2609.32
20,Breakthru Beverage,1002,Jim Beam White,12.042499999999997,116.88,687,7274.8,594,9503.7,16.181250000000002,19.41,8668.95,2228.9,23.45,0.8646,1119.95
20,Breakthru Beverage,1003,Johnnie Walker Black,27.86,451.25,1496,37613.24,1353,51088.45,37.838292682926834,77.55,8668.95,13475.21,26.38,0.9044,3983.98
20,Breakthru Beverage,1004,Bacardi Superior Rum,10.526666666666666,132.02,1065,9996.09,943,13133.65,13.934117647058823,23.68,8668.95,3137.56,23.89,0.8854,1284.25
20,Breakthru Beverage,1005,Grey Goose Vodka,24.138333333333335,262.51,877,19341.8,770,25145.76,32.64866666666667,48.95,8668.95,5803.96,23.08,0.878,2582.8
20,Breakthru Beverage,1006,Absolut Vodka,13.917499999999999,114.62,975,12340.69,873,16699.4,18.8272,23.54,8668.95,4358.71,26.1,0.8954,1419.58
20,Breakthru Beverage,1007,Patron Silver Tequila,37.58166666666667,446.53,830,28719.079999999998,712,37119.52,50.339999999999996,73.03,8668.95,8400.44,22.63,0.8578,4434.64
20,Breakthru Beverage,1008,Jose Cuervo Gold,16.0725,125.71000000000001,738,10368.36,632,13388.220000000001,20.987058823529413,17.84,8668.95,3019.86,22.56,0.8564,1703.69
20,Breakthru Beverage,1009,Hennessy VS Cognac,32.2675,347.75,862,25078.87,744,32359.4,43.474,54.3,8668.95,7280.53,22.5,0.8631,3807.56
20,Breakthru Beverage,1010,Crown Royal Whisky,21.879166666666666,298.2,1074,21275.04,907,26967.66,29.972500000000004,59.99,8668.95,5692.62,21.11,0.8445,3653.82
20,Breakthru Beverage,1011,Woodford Reserve,29.76,293.13,977,25888.42,849,33126.799999999996,39.98290322580645,61.97,8668.95,7238.38,21.85,0.869,3809.28
20,Breakthru Beverage,1012,Makers Mark,20.13,270.69,1398,25273.65,1230,33132.98,26.631764705882354,45.26,8668.95,7859.33,23.72,0.8798,3381.84
20,Breakthru Beverage,1013,Bulleit Bourbon,22.037499999999998,178.82999999999998,953,19020.15,864,26496.21,30.223000000000003,30.23,8668.95,7476.06,28.22,0.9066,1961.34
20,Breakthru Beverage,1014,Tito's Handmade Vodka,15.1125,134.85,642,8689.52,571,11756.73,20.43148148148148,27.59,8668.95,3067.21,26.09,0.8894,1072.99
20,Breakthru Beverage,1015,Smirnoff No.21,11.128333333333332,126.83,929,9090.48,808,12134.22,14.931000000000001,22.4,8668.95,3043.74,25.08,0.8698,1346.53
20,Breakthru Beverage,1016,Tanqueray Gin,17.945833333333333,111.41,583,9301.19,497,11868.83,23.827142857142857,25.04,8668.95,2567.64,21.63,0.8525,1543.34
20,Breakthru Beverage,1017,Bombay Sapphire,19.925,200.64000000000001,944,17239.0,825,22011.79,27.055555555555557,36.51,8668.95,4772.79,21.68,0.8739,2371.08
20,Breakthru Beverage,1018,Captain Morgan Spiced,14.004166666666668,138.67,802,10042.63,718,13465.12,18.924347826086954,21.75,8668.95,3422.49,25.42,0.8953,1176.35
20,Breakthru Beverage,1019,Malibu Coconut Rum,13.078333333333333,81.59,663,7665.86,615,10879.1,17.5925,14.08,8668.95,3213.24,29.54,0.9276,627.76
20,Breakthru Beverage,1020,Southern Comfort,14.989166666666668,94.07000000000001,541,7297.16,470,9254.85,19.980666666666664,14.98,8668.95,1957.69,21.15,0.8688,1064.23
20,Breakthru Beverage,1021,Baileys Irish Cream,21.896666666666665,256.41,977,19174.899999999998,856,24549.12,29.32176470588235,49.85,8668.95,5374.22,21.89,0.8762,2649.5
20,Breakthru Beverage,1022,Kahlua Coffee Liqueur,17.9175,240.86,1320,21246.53,1172,28647.14,24.29,53.44,8668.95,7400.61,25.83,0.8879,2651.79
20,Breakthru Beverage,1023,Evan Williams Bourbon,9.995,98.69,1190,10710.4,1022,13489.11,13.232692307692307,17.2,8668.95,2778.71,20.6,0.8588,1679.16
20,Breakthru Beverage,1024,Wild Turkey 101,19.013333333333332,137.88,621,10623.37,571,14846.84,26.316399999999998,32.91,8668.95,4223.47,28.45,0.9195,950.67
20,Breakthru Beverage,1025,Jameson Irish Whiskey,24.9825,182.51999999999998,736,16828.920000000002,701,23643.34,33.86941176470588,28.8,8668.95,6814.42,28.82,0.9524,874.39
20,Breakthru Beverage,1026,Glenfiddich 12yr,35.86416666666667,319.78000000000003,898,28682.04,810,37951.09,46.67576923076923,60.67,8668.95,9269.05,24.42,0.902,3156.05
20,Breakthru Beverage,1027,The Macallan 12yr,55.36166666666667,788.11,1006,49688.17,887,65450.51,74.33125,148.68,8668.95,15762.34,24.08,0.8817,6588.04
20,Breakthru Beverage,1028,Belvedere Vodka,28.144166666666667,199.05,714,17806.21,589,21490.58,36.56947368421053,34.75,8668.95,3684.37,17.14,0.8249,3518.02
20,Breakthru Beverage,1029,Don Julio Blanco,42.13916666666667,492.19,1157,43999.3,1030,59391.03,57.571351351351346,106.48,8668.95,15391.73,25.92,0.8902,5351.67
20,Breakthru Beverage,1030,Casamigos Blanco,40.083333333333336,538.71,1439,51362.08,1198,63718.44,53.98307692307693,105.31,8668.95,12356.36,19.39,0.8325,9660.08
