InventoryId,Store,City,Brand,Description,Size,onHand,Price,startDate,VendorNumber,VendorName
BEG200001,1,Boston,1001,Jack Daniels Old No.7,750,125,24.98,2024-01-01,4,Brown Forman
BEG200002,1,Worcester,1002,Jim Beam White,750,205,16.2,2024-01-01,5,Beam Suntory
BEG200003,1,Boston,1003,Johnnie Walker Black,750,148,37.8,2024-01-01,1,Diageo
BEG200004,1,Boston,1004,Bacardi Superior Rum,750,137,14.18,2024-01-01,2,Bacardi
BEG200005,1,Lowell,1005,Grey Goose Vodka,750,213,32.4,2024-01-01,1,Diageo
BEG200006,1,Cambridge,1006,Absolut Vodka,750,226,18.9,2024-01-01,3,Pernod Ricard
BEG200007,1,Worcester,1007,Patron Silver Tequila,750,223,51.3,2024-01-01,3,Pernod Ricard
BEG200008,1,Worcester,1008,Jose Cuervo Gold,750,100,21.6,2024-01-01,1,Diageo
BEG200009,1,Worcester,1009,Hennessy VS Cognac,750,233,43.2,2024-01-01,1,Diageo
BEG200010,1,Boston,1010,Crown Royal Whisky,750,70,29.7,2024-01-01,1,Diageo
BEG200011,1,Boston,1011,Woodford Reserve,750,99,40.5,2024-01-01,4,Brown Forman
BEG200012,1,Springfield,1012,Makers Mark,750,104,27.0,2024-01-01,4,Brown Forman
BEG200013,1,Springfield,1013,Bulleit Bourbon,750,32,29.7,2024-01-01,1,Diageo
BEG200014,1,Worcester,1014,Tito's Handmade Vodka,750,190,20.25,2024-01-01,13,MS Walker
BEG200015,1,Cambridge,1015,Smirnoff No.21,750,290,14.85,2024-01-01,1,Diageo
BEG200016,1,Cambridge,1016,Tanqueray Gin,750,278,24.3,2024-01-01,1,Diageo
BEG200017,1,Boston,1017,Bombay Sapphire,750,193,27.0,2024-01-01,2,Bacardi
BEG200018,1,Springfield,1018,Captain Morgan Spiced,750,136,18.9,2024-01-01,1,Diageo
BEG200019,1,Worcester,1019,Malibu Coconut Rum,750,166,17.55,2024-01-01,2,Bacardi
BEG200020,1,Cambridge,1020,Southern Comfort,750,232,20.25,2024-01-01,4,Brown Forman
BEG200021,1,Cambridge,1021,Baileys Irish Cream,750,101,29.7,2024-01-01,1,Diageo
BEG200022,1,Cambridge,1022,Kahlua Coffee Liqueur,750,276,24.3,2024-01-01,3,Pernod Ricard
BEG200023,1,Springfield,1023,Evan Williams Bourbon,750,246,13.5,2024-01-01,7,Heaven Hill
BEG200024,1,Cambridge,1024,Wild Turkey 101,750,46,25.65,2024-01-01,7,Heaven Hill
BEG200025,1,Cambridge,1025,Jameson Irish Whiskey,750,261,33.75,2024-01-01,3,Pernod Ricard
BEG200026,1,Cambridge,1026,Glenfiddich 12yr,750,97,48.6,2024-01-01,1,Diageo
BEG200027,1,Worcester,1027,The Macallan 12yr,750,187,74.25,2024-01-01,1,Diageo
BEG200028,1,Worcester,1028,Belvedere Vodka,750,154,37.8,2024-01-01,1,Diageo
BEG200029,1,Worcester,1029,Don Julio Blanco,750,298,56.7,2024-01-01,1,Diageo
BEG200030,1,Worcester,1030,Casamigos Blanco,750,100,54.0,2024-01-01,1,Diageo
BEG200031,2,Cambridge,1001,Jack Daniels Old No.7,750,265,24.98,2024-01-01,4,Brown Forman
BEG200032,2,Worcester,1002,Jim Beam White,750,284,16.2,2024-01-01,5,Beam Suntory
BEG200033,2,Lowell,1003,Johnnie Walker Black,750,95,37.8,2024-01-01,1,Diageo
BEG200034,2,Boston,1004,Bacardi Superior Rum,750,277,14.18,2024-01-01,2,Bacardi
BEG200035,2,Lowell,1005,Grey Goose Vodka,750,103,32.4,2024-01-01,1,Diageo
BEG200036,2,Cambridge,1006,Absolut Vodka,750,211,18.9,2024-01-01,3,Pernod Ricard
BEG200037,2,Boston,1007,Patron Silver Tequila,750,100,51.3,2024-01-01,3,Pernod Ricard
BEG200038,2,Cambridge,1008,Jose Cuervo Gold,750,138,21.6,2024-01-01,1,Diageo
BEG200039,2,Springfield,1009,Hennessy VS Cognac,750,97,43.2,2024-01-01,1,Diageo
BEG200040,2,Lowell,1010,Crown Royal Whisky,750,159,29.7,2024-01-01,1,Diageo
BEG200041,2,Lowell,1011,Woodford Reserve,750,197,40.5,2024-01-01,4,Brown Forman
BEG200042,2,Worcester,1012,Makers Mark,750,66,27.0,2024-01-01,4,Brown Forman
BEG200043,2,Worcester,1013,Bulleit Bourbon,750,53,29.7,2024-01-01,1,Diageo
BEG200044,2,Cambridge,1014,Tito's Handmade Vodka,750,138,20.25,2024-01-01,13,MS Walker
BEG200045,2,Springfield,1015,Smirnoff No.21,750,135,14.85,2024-01-01,1,Diageo
BEG200046,2,Cambridge,1016,Tanqueray Gin,750,270,24.3,2024-01-01,1,Diageo
BEG200047,2,Worcester,1017,Bombay Sapphire,750,296,27.0,2024-01-01,2,Bacardi
BEG200048,2,Springfield,1018,Captain Morgan Spiced,750,118,18.9,2024-01-01,1,Diageo
BEG200049,2,Worcester,1019,Malibu Coconut Rum,750,121,17.55,2024-01-01,2,Bacardi
BEG200050,2,Cambridge,1020,Southern Comfort,750,116,20.25,2024-01-01,4,Brown Forman
BEG200051,2,Worcester,1021,Baileys Irish Cream,750,20,29.7,2024-01-01,1,Diageo
BEG200052,2,Springfield,1022,Kahlua Coffee Liqueur,750,40,24.3,2024-01-01,3,Pernod Ricard
BEG200053,2,Boston,1023,Evan Williams Bourbon,750,300,13.5,2024-01-01,7,Heaven Hill
BEG200054,2,Boston,1024,Wild Turkey 101,750,53,25.65,2024-01-01,7,Heaven Hill
BEG200055,2,Springfield,1025,Jameson Irish Whiskey,750,157,33.75,2024-01-01,3,Pernod Ricard
BEG200056,2,Lowell,1026,Glenfiddich 12yr,750,225,48.6,2024-01-01,1,Diageo
BEG200057,2,Springfield,1027,The Macallan 12yr,750,206,74.25,2024-01-01,1,Diageo
BEG200058,2,Boston,1028,Belvedere Vodka,750,57,37.8,2024-01-01,1,Diageo
BEG200059,2,Lowell,1029,Don Julio Blanco,750,201,56.7,2024-01-01,1,Diageo
BEG200060,2,Lowell,1030,Casamigos Blanco,750,294,54.0,2024-01-01,1,Diageo
BEG200061,3,Boston,1001,Jack Daniels Old No.7,750,264,24.98,2024-01-01,4,Brown Forman
BEG200062,3,Lowell,1002,Jim Beam White,750,31,16.2,2024-01-01,5,Beam Suntory
BEG200063,3,Cambridge,1003,Johnnie Walker Black,750,241,37.8,2024-01-01,1,Diageo
BEG200064,3,Cambridge,1004,Bacardi Superior Rum,750,264,14.18,2024-01-01,2,Bacardi
BEG200065,3,Cambridge,1005,Grey Goose Vodka,750,145,32.4,2024-01-01,1,Diageo
BEG200066,3,Cambridge,1006,Absolut Vodka,750,118,18.9,2024-01-01,3,Pernod Ricard
BEG200067,3,Worcester,1007,Patron Silver Tequila,750,95,51.3,2024-01-01,3,Pernod Ricard
BEG200068,3,Cambridge,1008,Jose Cuervo Gold,750,60,21.6,2024-01-01,1,Diageo
BEG200069,3,Boston,1009,Hennessy VS Cognac,750,228,43.2,2024-01-01,1,Diageo
BEG200070,3,Cambridge,1010,Crown Royal Whisky,750,21,29.7,2024-01-01,1,Diageo
BEG200071,3,Springfield,1011,Woodford Reserve,750,149,40.5,2024-01-01,4,Brown Forman
BEG200072,3,Cambridge,1012,Makers Mark,750,107,27.0,2024-01-01,4,Brown Forman
BEG200073,3,Springfield,1013,Bulleit Bourbon,750,131,29.7,2024-01-01,1,Diageo
BEG200074,3,Boston,1014,Tito's Handmade Vodka,750,87,20.25,2024-01-01,13,MS Walker
BEG200075,3,Springfield,1015,Smirnoff No.21,750,218,14.85,2024-01-01,1,Diageo
BEG200076,3,Lowell,1016,Tanqueray Gin,750,259,24.3,2024-01-01,1,Diageo
BEG200077,3,Springfield,1017,Bombay Sapphire,750,150,27.0,2024-01-01,2,Bacardi
BEG200078,3,Cambridge,1018,Captain Morgan Spiced,750,31,18.9,2024-01-01,1,Diageo
BEG200079,3,Lowell,1019,Malibu Coconut Rum,750,216,17.55,2024-01-01,2,Bacardi
BEG200080,3,Springfield,1020,Southern Comfort,750,201,20.25,2024-01-01,4,Brown Forman
BEG200081,3,Boston,1021,Baileys Irish Cream,750,30,29.7,2024-01-01,1,Diageo
BEG200082,3,Boston,1022,Kahlua Coffee Liqueur,750,49,24.3,2024-01-01,3,Pernod Ricard
BEG200083,3,Worcester,1023,Evan Williams Bourbon,750,145,13.5,2024-01-01,7,Heaven Hill
BEG200084,3,Worcester,1024,Wild Turkey 101,750,127,25.65,2024-01-01,7,Heaven Hill
BEG200085,3,Cambridge,1025,Jameson Irish Whiskey,750,248,33.75,2024-01-01,3,Pernod Ricard
BEG200086,3,Cambridge,1026,Glenfiddich 12yr,750,267,48.6,2024-01-01,1,Diageo
BEG200087,3,Springfield,1027,The Macallan 12yr,750,274,74.25,2024-01-01,1,Diageo
BEG200088,3,Cambridge,1028,Belvedere Vodka,750,279,37.8,2024-01-01,1,Diageo
BEG200089,3,Lowell,1029,Don Julio Blanco,750,123,56.7,2024-01-01,1,Diageo
BEG200090,3,Worcester,1030,Casamigos Blanco,750,153,54.0,2024-01-01,1,Diageo
BEG200091,4,Boston,1001,Jack Daniels Old No.7,750,264,24.98,2024-01-01,4,Brown Forman
BEG200092,4,Worcester,1002,Jim Beam White,750,168,16.2,2024-01-01,5,Beam Suntory
BEG200093,4,Lowell,1003,Johnnie Walker Black,750,128,37.8,2024-01-01,1,Diageo
BEG200094,4,Cambridge,1004,Bacardi Superior Rum,750,28,14.18,2024-01-01,2,Bacardi
BEG200095,4,Cambridge,1005,Grey Goose Vodka,750,147,32.4,2024-01-01,1,Diageo
BEG200096,4,Springfield,1006,Absolut Vodka,750,105,18.9,2024-01-01,3,Pernod Ricard
BEG200097,4,Lowell,1007,Patron Silver Tequila,750,295,51.3,2024-01-01,3,Pernod Ricard
BEG200098,4,Boston,1008,Jose Cuervo Gold,750,43,21.6,2024-01-01,1,Diageo
BEG200099,4,Worcester,1009,Hennessy VS Cognac,750,165,43.2,2024-01-01,1,Diageo
BEG200100,4,Cambridge,1010,Crown Royal Whisky,750,174,29.7,2024-01-01,1,Diageo
BEG200101,4,Springfield,1011,Woodford Reserve,750,149,40.5,2024-01-01,4,Brown Forman
BEG200102,4,Lowell,1012,Makers Mark,750,100,27.0,2024-01-01,4,Brown Forman
BEG200103,4,Cambridge,1013,Bulleit Bourbon,750,294,29.7,2024-01-01,1,Diageo
BEG200104,4,Boston,1014,Tito's Handmade Vodka,750,104,20.25,2024-01-01,13,MS Walker
BEG200105,4,Boston,1015,Smirnoff No.21,750,103,14.85,2024-01-01,1,Diageo
BEG200106,4,Springfield,1016,Tanqueray Gin,750,286,24.3,2024-01-01,1,Diageo
BEG200107,4,Springfield,1017,Bombay Sapphire,750,22,27.0,2024-01-01,2,Bacardi
BEG200108,4,Boston,1018,Captain Morgan Spiced,750,256,18.9,2024-01-01,1,Diageo
BEG200109,4,Worcester,1019,Malibu Coconut Rum,750,42,17.55,2024-01-01,2,Bacardi
BEG200110,4,Worcester,1020,Southern Comfort,750,223,20.25,2024-01-01,4,Brown Forman
BEG200111,4,Springfield,1021,Baileys Irish Cream,750,119,29.7,2024-01-01,1,Diageo
BEG200112,4,Lowell,1022,Kahlua Coffee Liqueur,750,92,24.3,2024-01-01,3,Pernod Ricard
BEG200113,4,Springfield,1023,Evan Williams Bourbon,750,149,13.5,2024-01-01,7,Heaven Hill
BEG200114,4,Springfield,1024,Wild Turkey 101,750,101,25.65,2024-01-01,7,Heaven Hill
BEG200115,4,Cambridge,1025,Jameson Irish Whiskey,750,55,33.75,2024-01-01,3,Pernod Ricard
BEG200116,4,Lowell,1026,Glenfiddich 12yr,750,105,48.6,2024-01-01,1,Diageo
BEG200117,4,Boston,1027,The Macallan 12yr,750,73,74.25,2024-01-01,1,Diageo
BEG200118,4,Boston,1028,Belvedere Vodka,750,177,37.8,2024-01-01,1,Diageo
BEG200119,4,Springfield,1029,Don Julio Blanco,750,20,56.7,2024-01-01,1,Diageo
BEG200120,4,Boston,1030,Casamigos Blanco,750,131,54.0,2024-01-01,1,Diageo
BEG200121,5,Worcester,1001,Jack Daniels Old No.7,750,133,24.98,2024-01-01,4,Brown Forman
BEG200122,5,Lowell,1002,Jim Beam White,750,233,16.2,2024-01-01,5,Beam Suntory
BEG200123,5,Lowell,1003,Johnnie Walker Black,750,51,37.8,2024-01-01,1,Diageo
BEG200124,5,Springfield,1004,Bacardi Superior Rum,750,259,14.18,2024-01-01,2,Bacardi
BEG200125,5,Worcester,1005,Grey Goose Vodka,750,39,32.4,2024-01-01,1,Diageo
BEG200126,5,Lowell,1006,Absolut Vodka,750,126,18.9,2024-01-01,3,Pernod Ricard
BEG200127,5,Lowell,1007,Patron Silver Tequila,750,91,51.3,2024-01-01,3,Pernod Ricard
BEG200128,5,Springfield,1008,Jose Cuervo Gold,750,48,21.6,2024-01-01,1,Diageo
BEG200129,5,Cambridge,1009,Hennessy VS Cognac,750,109,43.2,2024-01-01,1,Diageo
BEG200130,5,Cambridge,1010,Crown Royal Whisky,750,152,29.7,2024-01-01,1,Diageo
BEG200131,5,Cambridge,1011,Woodford Reserve,750,106,40.5,2024-01-01,4,Brown Forman
BEG200132,5,Springfield,1012,Makers Mark,750,244,27.0,2024-01-01,4,Brown Forman
BEG200133,5,Springfield,1013,Bulleit Bourbon,750,118,29.7,2024-01-01,1,Diageo
BEG200134,5,Worcester,1014,Tito's Handmade Vodka,750,243,20.25,2024-01-01,13,MS Walker
BEG200135,5,Springfield,1015,Smirnoff No.21,750,99,14.85,2024-01-01,1,Diageo
BEG200136,5,Boston,1016,Tanqueray Gin,750,298,24.3,2024-01-01,1,Diageo
BEG200137,5,Springfield,1017,Bombay Sapphire,750,287,27.0,2024-01-01,2,Bacardi
BEG200138,5,Lowell,1018,Captain Morgan Spiced,750,79,18.9,2024-01-01,1,Diageo
BEG200139,5,Cambridge,1019,Malibu Coconut Rum,750,23,17.55,2024-01-01,2,Bacardi
BEG200140,5,Boston,1020,Southern Comfort,750,172,20.25,2024-01-01,4,Brown Forman
BEG200141,5,Boston,1021,Baileys Irish Cream,750,46,29.7,2024-01-01,1,Diageo
BEG200142,5,Boston,1022,Kahlua Coffee Liqueur,750,107,24.3,2024-01-01,3,Pernod Ricard
BEG200143,5,Springfield,1023,Evan Williams Bourbon,750,156,13.5,2024-01-01,7,Heaven Hill
BEG200144,5,Lowell,1024,Wild Turkey 101,750,206,25.65,2024-01-01,7,Heaven Hill
BEG200145,5,Lowell,1025,Jameson Irish Whiskey,750,159,33.75,2024-01-01,3,Pernod Ricard
BEG200146,5,Springfield,1026,Glenfiddich 12yr,750,252,48.6,2024-01-01,1,Diageo
BEG200147,5,Worcester,1027,The Macallan 12yr,750,30,74.25,2024-01-01,1,Diageo
BEG200148,5,Springfield,1028,Belvedere Vodka,750,274,37.8,2024-01-01,1,Diageo
BEG200149,5,Cambridge,1029,Don Julio Blanco,750,169,56.7,2024-01-01,1,Diageo
BEG200150,5,Lowell,1030,Casamigos Blanco,750,30,54.0,2024-01-01,1,Diageo
BEG200151,6,Cambridge,1001,Jack Daniels Old No.7,750,86,24.98,2024-01-01,4,Brown Forman
BEG200152,6,Lowell,1002,Jim Beam White,750,217,16.2,2024-01-01,5,Beam Suntory
BEG200153,6,Springfield,1003,Johnnie Walker Black,750,237,37.8,2024-01-01,1,Diageo
BEG200154,6,Worcester,1004,Bacardi Superior Rum,750,65,14.18,2024-01-01,2,Bacardi
BEG200155,6,Springfield,1005,Grey Goose Vodka,750,48,32.4,2024-01-01,1,Diageo
BEG200156,6,Lowell,1006,Absolut Vodka,750,49,18.9,2024-01-01,3,Pernod Ricard
BEG200157,6,Cambridge,1007,Patron Silver Tequila,750,57,51.3,2024-01-01,3,Pernod Ricard
BEG200158,6,Springfield,1008,Jose Cuervo Gold,750,242,21.6,2024-01-01,1,Diageo
BEG200159,6,Worcester,1009,Hennessy VS Cognac,750,191,43.2,2024-01-01,1,Diageo
BEG200160,6,Lowell,1010,Crown Royal Whisky,750,193,29.7,2024-01-01,1,Diageo
BEG200161,6,Cambridge,1011,Woodford Reserve,750,153,40.5,2024-01-01,4,Brown Forman
BEG200162,6,Cambridge,1012,Makers Mark,750,235,27.0,2024-01-01,4,Brown Forman
BEG200163,6,Boston,1013,Bulleit Bourbon,750,166,29.7,2024-01-01,1,Diageo
BEG200164,6,Worcester,1014,Tito's Handmade Vodka,750,170,20.25,2024-01-01,13,MS Walker
BEG200165,6,Boston,1015,Smirnoff No.21,750,275,14.85,2024-01-01,1,Diageo
BEG200166,6,Springfield,1016,Tanqueray Gin,750,57,24.3,2024-01-01,1,Diageo
BEG200167,6,Boston,1017,Bombay Sapphire,750,243,27.0,2024-01-01,2,Bacardi
BEG200168,6,Cambridge,1018,Captain Morgan Spiced,750,284,18.9,2024-01-01,1,Diageo
BEG200169,6,Boston,1019,Malibu Coconut Rum,750,251,17.55,2024-01-01,2,Bacardi
BEG200170,6,Lowell,1020,Southern Comfort,750,100,20.25,2024-01-01,4,Brown Forman
BEG200171,6,Lowell,1021,Baileys Irish Cream,750,291,29.7,2024-01-01,1,Diageo
BEG200172,6,Lowell,1022,Kahlua Coffee Liqueur,750,70,24.3,2024-01-01,3,Pernod Ricard
BEG200173,6,Boston,1023,Evan Williams Bourbon,750,201,13.5,2024-01-01,7,Heaven Hill
BEG200174,6,Springfield,1024,Wild Turkey 101,750,139,25.65,2024-01-01,7,Heaven Hill
BEG200175,6,Worcester,1025,Jameson Irish Whiskey,750,224,33.75,2024-01-01,3,Pernod Ricard
BEG200176,6,Lowell,1026,Glenfiddich 12yr,750,247,48.6,2024-01-01,1,Diageo
BEG200177,6,Cambridge,1027,The Macallan 12yr,750,21,74.25,2024-01-01,1,Diageo
BEG200178,6,Cambridge,1028,Belvedere Vodka,750,54,37.8,2024-01-01,1,Diageo
BEG200179,6,Worcester,1029,Don Julio Blanco,750,78,56.7,2024-01-01,1,Diageo
BEG200180,6,Boston,1030,Casamigos Blanco,750,39,54.0,2024-01-01,1,Diageo
BEG200181,7,Lowell,1001,Jack Daniels Old No.7,750,99,24.98,2024-01-01,4,Brown Forman
BEG200182,7,Worcester,1002,Jim Beam White,750,48,16.2,2024-01-01,5,Beam Suntory
BEG200183,7,Springfield,1003,Johnnie Walker Black,750,257,37.8,2024-01-01,1,Diageo
BEG200184,7,Springfield,1004,Bacardi Superior Rum,750,55,14.18,2024-01-01,2,Bacardi
BEG200185,7,Boston,1005,Grey Goose Vodka,750,192,32.4,2024-01-01,1,Diageo
BEG200186,7,Lowell,1006,Absolut Vodka,750,55,18.9,2024-01-01,3,Pernod Ricard
BEG200187,7,Lowell,1007,Patron Silver Tequila,750,112,51.3,2024-01-01,3,Pernod Ricard
BEG200188,7,Cambridge,1008,Jose Cuervo Gold,750,160,21.6,2024-01-01,1,Diageo
BEG200189,7,Springfield,1009,Hennessy VS Cognac,750,63,43.2,2024-01-01,1,Diageo
BEG200190,7,Lowell,1010,Crown Royal Whisky,750,72,29.7,2024-01-01,1,Diageo
BEG200191,7,Worcester,1011,Woodford Reserve,750,267,40.5,2024-01-01,4,Brown Forman
BEG200192,7,Worcester,1012,Makers Mark,750,99,27.0,2024-01-01,4,Brown Forman
BEG200193,7,Springfield,1013,Bulleit Bourbon,750,158,29.7,2024-01-01,1,Diageo
BEG200194,7,Worcester,1014,Tito's Handmade Vodka,750,35,20.25,2024-01-01,13,MS Walker
BEG200195,7,Boston,1015,Smirnoff No.21,750,258,14.85,2024-01-01,1,Diageo
BEG200196,7,Springfield,1016,Tanqueray Gin,750,91,24.3,2024-01-01,1,Diageo
BEG200197,7,Worcester,1017,Bombay Sapphire,750,270,27.0,2024-01-01,2,Bacardi
BEG200198,7,Springfield,1018,Captain Morgan Spiced,750,231,18.9,2024-01-01,1,Diageo
BEG200199,7,Boston,1019,Malibu Coconut Rum,750,49,17.55,2024-01-01,2,Bacardi
BEG200200,7,Springfield,1020,Southern Comfort,750,35,20.25,2024-01-01,4,Brown Forman
BEG200201,7,Worcester,1021,Baileys Irish Cream,750,282,29.7,2024-01-01,1,Diageo
BEG200202,7,Lowell,1022,Kahlua Coffee Liqueur,750,66,24.3,2024-01-01,3,Pernod Ricard
BEG200203,7,Cambridge,1023,Evan Williams Bourbon,750,134,13.5,2024-01-01,7,Heaven Hill
BEG200204,7,Lowell,1024,Wild Turkey 101,750,279,25.65,2024-01-01,7,Heaven Hill
BEG200205,7,Cambridge,1025,Jameson Irish Whiskey,750,53,33.75,2024-01-01,3,Pernod Ricard
BEG200206,7,Worcester,1026,Glenfiddich 12yr,750,194,48.6,2024-01-01,1,Diageo
BEG200207,7,Cambridge,1027,The Macallan 12yr,750,62,74.25,2024-01-01,1,Diageo
BEG200208,7,Worcester,1028,Belvedere Vodka,750,157,37.8,2024-01-01,1,Diageo
BEG200209,7,Worcester,1029,Don Julio Blanco,750,134,56.7,2024-01-01,1,Diageo
BEG200210,7,Worcester,1030,Casamigos Blanco,750,250,54.0,2024-01-01,1,Diageo
BEG200211,8,Boston,1001,Jack Daniels Old No.7,750,148,24.98,2024-01-01,4,Brown Forman
BEG200212,8,Cambridge,1002,Jim Beam White,750,202,16.2,2024-01-01,5,Beam Suntory
BEG200213,8,Springfield,1003,Johnnie Walker Black,750,261,37.8,2024-01-01,1,Diageo
BEG200214,8,Worcester,1004,Bacardi Superior Rum,750,298,14.18,2024-01-01,2,Bacardi
BEG200215,8,Springfield,1005,Grey Goose Vodka,750,169,32.4,2024-01-01,1,Diageo
BEG200216,8,Cambridge,1006,Absolut Vodka,750,252,18.9,2024-01-01,3,Pernod Ricard
BEG200217,8,Springfield,1007,Patron Silver Tequila,750,140,51.3,2024-01-01,3,Pernod Ricard
BEG200218,8,Worcester,1008,Jose Cuervo Gold,750,109,21.6,2024-01-01,1,Diageo
BEG200219,8,Springfield,1009,Hennessy VS Cognac,750,137,43.2,2024-01-01,1,Diageo
BEG200220,8,Springfield,1010,Crown Royal Whisky,750,31,29.7,2024-01-01,1,Diageo
BEG200221,8,Springfield,1011,Woodford Reserve,750,252,40.5,2024-01-01,4,Brown Forman
BEG200222,8,Lowell,1012,Makers Mark,750,158,27.0,2024-01-01,4,Brown Forman
BEG200223,8,Worcester,1013,Bulleit Bourbon,750,284,29.7,2024-01-01,1,Diageo
BEG200224,8,Worcester,1014,Tito's Handmade Vodka,750,83,20.25,2024-01-01,13,MS Walker
BEG200225,8,Lowell,1015,Smirnoff No.21,750,237,14.85,2024-01-01,1,Diageo
BEG200226,8,Cambridge,1016,Tanqueray Gin,750,153,24.3,2024-01-01,1,Diageo
BEG200227,8,Cambridge,1017,Bombay Sapphire,750,91,27.0,2024-01-01,2,Bacardi
BEG200228,8,Springfield,1018,Captain Morgan Spiced,750,148,18.9,2024-01-01,1,Diageo
BEG200229,8,Springfield,1019,Malibu Coconut Rum,750,224,17.55,2024-01-01,2,Bacardi
BEG200230,8,Springfield,1020,Southern Comfort,750,150,20.25,2024-01-01,4,Brown Forman
BEG200231,8,Springfield,1021,Baileys Irish Cream,750,277,29.7,2024-01-01,1,Diageo
BEG200232,8,Springfield,1022,Kahlua Coffee Liqueur,750,49,24.3,2024-01-01,3,Pernod Ricard
BEG200233,8,Lowell,1023,Evan Williams Bourbon,750,97,13.5,2024-01-01,7,Heaven Hill
BEG200234,8,Worcester,1024,Wild Turkey 101,750,88,25.65,2024-01-01,7,Heaven Hill
BEG200235,8,Worcester,1025,Jameson Irish Whiskey,750,118,33.75,2024-01-01,3,Pernod Ricard
BEG200236,8,Worcester,1026,Glenfiddich 12yr,750,141,48.6,2024-01-01,1,Diageo
BEG200237,8,Boston,1027,The Macallan 12yr,750,281,74.25,2024-01-01,1,Diageo
BEG200238,8,Worcester,1028,Belvedere Vodka,750,238,37.8,2024-01-01,1,Diageo
BEG200239,8,Springfield,1029,Don Julio Blanco,750,113,56.7,2024-01-01,1,Diageo
BEG200240,8,Lowell,1030,Casamigos Blanco,750,287,54.0,2024-01-01,1,Diageo
BEG200241,9,Lowell,1001,Jack Daniels Old No.7,750,169,24.98,2024-01-01,4,Brown Forman
BEG200242,9,Cambridge,1002,Jim Beam White,750,97,16.2,2024-01-01,5,Beam Suntory
BEG200243,9,Springfield,1003,Johnnie Walker Black,750,110,37.8,2024-01-01,1,Diageo
BEG200244,9,Cambridge,1004,Bacardi Superior Rum,750,220,14.18,2024-01-01,2,Bacardi
BEG200245,9,Worcester,1005,Grey Goose Vodka,750,88,32.4,2024-01-01,1,Diageo
BEG200246,9,Cambridge,1006,Absolut Vodka,750,153,18.9,2024-01-01,3,Pernod Ricard
BEG200247,9,Boston,1007,Patron Silver Tequila,750,25,51.3,2024-01-01,3,Pernod Ricard
BEG200248,9,Boston,1008,Jose Cuervo Gold,750,167,21.6,2024-01-01,1,Diageo
BEG200249,9,Worcester,1009,Hennessy VS Cognac,750,177,43.2,2024-01-01,1,Diageo
BEG200250,9,Lowell,1010,Crown Royal Whisky,750,279,29.7,2024-01-01,1,Diageo
BEG200251,9,Worcester,1011,Woodford Reserve,750,232,40.5,2024-01-01,4,Brown Forman
BEG200252,9,Boston,1012,Makers Mark,750,252,27.0,2024-01-01,4,Brown Forman
BEG200253,9,Boston,1013,Bulleit Bourbon,750,300,29.7,2024-01-01,1,Diageo
BEG200254,9,Boston,1014,Tito's Handmade Vodka,750,263,20.25,2024-01-01,13,MS Walker
BEG200255,9,Cambridge,1015,Smirnoff No.21,750,140,14.85,2024-01-01,1,Diageo
BEG200256,9,Lowell,1016,Tanqueray Gin,750,161,24.3,2024-01-01,1,Diageo
BEG200257,9,Boston,1017,Bombay Sapphire,750,24,27.0,2024-01-01,2,Bacardi
BEG200258,9,Boston,1018,Captain Morgan Spiced,750,187,18.9,2024-01-01,1,Diageo
BEG200259,9,Springfield,1019,Malibu Coconut Rum,750,237,17.55,2024-01-01,2,Bacardi
BEG200260,9,Cambridge,1020,Southern Comfort,750,66,20.25,2024-01-01,4,Brown Forman
BEG200261,9,Boston,1021,Baileys Irish Cream,750,81,29.7,2024-01-01,1,Diageo
BEG200262,9,Worcester,1022,Kahlua Coffee Liqueur,750,248,24.3,2024-01-01,3,Pernod Ricard
BEG200263,9,Cambridge,1023,Evan Williams Bourbon,750,57,13.5,2024-01-01,7,Heaven Hill
BEG200264,9,Springfield,1024,Wild Turkey 101,750,134,25.65,2024-01-01,7,Heaven Hill
BEG200265,9,Cambridge,1025,Jameson Irish Whiskey,750,24,33.75,2024-01-01,3,Pernod Ricard
BEG200266,9,Worcester,1026,Glenfiddich 12yr,750,131,48.6,2024-01-01,1,Diageo
BEG200267,9,Springfield,1027,The Macallan 12yr,750,93,74.25,2024-01-01,1,Diageo
BEG200268,9,Springfield,1028,Belvedere Vodka,750,197,37.8,2024-01-01,1,Diageo
BEG200269,9,Worcester,1029,Don Julio Blanco,750,242,56.7,2024-01-01,1,Diageo
BEG200270,9,Boston,1030,Casamigos Blanco,750,91,54.0,2024-01-01,1,Diageo
BEG200271,10,Springfield,1001,Jack Daniels Old No.7,750,254,24.98,2024-01-01,4,Brown Forman
BEG200272,10,Springfield,1002,Jim Beam White,750,240,16.2,2024-01-01,5,Beam Suntory
BEG200273,10,Worcester,1003,Johnnie Walker Black,750,282,37.8,2024-01-01,1,Diageo
BEG200274,10,Cambridge,1004,Bacardi Superior Rum,750,236,14.18,2024-01-01,2,Bacardi
BEG200275,10,Lowell,1005,Grey Goose Vodka,750,264,32.4,2024-01-01,1,Diageo
BEG200276,10,Lowell,1006,Absolut Vodka,750,158,18.9,2024-01-01,3,Pernod Ricard
BEG200277,10,Cambridge,1007,Patron Silver Tequila,750,125,51.3,2024-01-01,3,Pernod Ricard
BEG200278,10,Boston,1008,Jose Cuervo Gold,750,145,21.6,2024-01-01,1,Diageo
BEG200279,10,Boston,1009,Hennessy VS Cognac,750,42,43.2,2024-01-01,1,Diageo
BEG200280,10,Lowell,1010,Crown Royal Whisky,750,194,29.7,2024-01-01,1,Diageo
BEG200281,10,Lowell,1011,Woodford Reserve,750,62,40.5,2024-01-01,4,Brown Forman
BEG200282,10,Lowell,1012,Makers Mark,750,222,27.0,2024-01-01,4,Brown Forman
BEG200283,10,Worcester,1013,Bulleit Bourbon,750,34,29.7,2024-01-01,1,Diageo
BEG200284,10,Lowell,1014,Tito's Handmade Vodka,750,231,20.25,2024-01-01,13,MS Walker
BEG200285,10,Lowell,1015,Smirnoff No.21,750,220,14.85,2024-01-01,1,Diageo
BEG200286,10,Springfield,1016,Tanqueray Gin,750,233,24.3,2024-01-01,1,Diageo
BEG200287,10,Boston,1017,Bombay Sapphire,750,61,27.0,2024-01-01,2,Bacardi
BEG200288,10,Springfield,1018,Captain Morgan Spiced,750,245,18.9,2024-01-01,1,Diageo
BEG200289,10,Boston,1019,Malibu Coconut Rum,750,185,17.55,2024-01-01,2,Bacardi
BEG200290,10,Cambridge,1020,Southern Comfort,750,182,20.25,2024-01-01,4,Brown Forman
BEG200291,10,Worcester,1021,Baileys Irish Cream,750,237,29.7,2024-01-01,1,Diageo
BEG200292,10,Worcester,1022,Kahlua Coffee Liqueur,750,139,24.3,2024-01-01,3,Pernod Ricard
BEG200293,10,Worcester,1023,Evan Williams Bourbon,750,196,13.5,2024-01-01,7,Heaven Hill
BEG200294,10,Cambridge,1024,Wild Turkey 101,750,249,25.65,2024-01-01,7,Heaven Hill
BEG200295,10,Boston,1025,Jameson Irish Whiskey,750,151,33.75,2024-01-01,3,Pernod Ricard
BEG200296,10,Boston,1026,Glenfiddich 12yr,750,58,48.6,2024-01-01,1,Diageo
BEG200297,10,Springfield,1027,The Macallan 12yr,750,243,74.25,2024-01-01,1,Diageo
BEG200298,10,Lowell,1028,Belvedere Vodka,750,43,37.8,2024-01-01,1,Diageo
BEG200299,10,Springfield,1029,Don Julio Blanco,750,98,56.7,2024-01-01,1,Diageo
BEG200300,10,Worcester,1030,Casamigos Blanco,750,150,54.0,2024-01-01,1,Diageo
