InventoryId,Store,City,Brand,Description,Size,onHand,Price,endDate,VendorNumber,VendorName
END300001,1,Boston,1001,Jack Daniels Old No.7,750,193,24.98,2024-12-31,4,Brown Forman
END300002,1,Springfield,1002,Jim Beam White,750,185,16.2,2024-12-31,5,Beam Suntory
END300003,1,Worcester,1003,Johnnie Walker Black,750,232,37.8,2024-12-31,1,Diageo
END300004,1,Springfield,1004,Bacardi Superior Rum,750,222,14.18,2024-12-31,2,Bacardi
END300005,1,Boston,1005,Grey Goose Vodka,750,39,32.4,2024-12-31,1,Diageo
END300006,1,Boston,1006,Absolut Vodka,750,99,18.9,2024-12-31,3,Pernod Ricard
END300007,1,Boston,1007,Patron Silver Tequila,750,194,51.3,2024-12-31,3,Pernod Ricard
END300008,1,Lowell,1008,Jose Cuervo Gold,750,36,21.6,2024-12-31,1,Diageo
END300009,1,Boston,1009,Hennessy VS Cognac,750,236,43.2,2024-12-31,1,Diageo
END300010,1,Boston,1010,Crown Royal Whisky,750,149,29.7,2024-12-31,1,Diageo
END300011,1,Worcester,1011,Woodford Reserve,750,210,40.5,2024-12-31,4,Brown Forman
END300012,1,Boston,1012,Makers Mark,750,169,27.0,2024-12-31,4,Brown Forman
END300013,1,Cambridge,1013,Bulleit Bourbon,750,23,29.7,2024-12-31,1,Diageo
END300014,1,Springfield,1014,Tito's Handmade Vodka,750,11,20.25,2024-12-31,13,MS Walker
END300015,1,Cambridge,1015,Smirnoff No.21,750,73,14.85,2024-12-31,1,Diageo
END300016,1,Worcester,1016,Tanqueray Gin,750,145,24.3,2024-12-31,1,Diageo
END300017,1,Worcester,1017,Bombay Sapphire,750,208,27.0,2024-12-31,2,Bacardi
END300018,1,Worcester,1018,Captain Morgan Spiced,750,247,18.9,2024-12-31,1,Diageo
END300019,1,Lowell,1019,Malibu Coconut Rum,750,59,17.55,2024-12-31,2,Bacardi
END300020,1,Worcester,1020,Southern Comfort,750,122,20.25,2024-12-31,4,Brown Forman
END300021,1,Springfield,1021,Baileys Irish Cream,750,219,29.7,2024-12-31,1,Diageo
END300022,1,Boston,1022,Kahlua Coffee Liqueur,750,118,24.3,2024-12-31,3,Pernod Ricard
END300023,1,Lowell,1023,Evan Williams Bourbon,750,37,13.5,2024-12-31,7,Heaven Hill
END300024,1,Boston,1024,Wild Turkey 101,750,218,25.65,2024-12-31,7,Heaven Hill
END300025,1,Springfield,1025,Jameson Irish Whiskey,750,10,33.75,2024-12-31,3,Pernod Ricard
END300026,1,Lowell,1026,Glenfiddich 12yr,750,238,48.6,2024-12-31,1,Diageo
END300027,1,Lowell,1027,The Macallan 12yr,750,144,74.25,2024-12-31,1,Diageo
END300028,1,Boston,1028,Belvedere Vodka,750,15,37.8,2024-12-31,1,Diageo
END300029,1,Springfield,1029,Don Julio Blanco,750,173,56.7,2024-12-31,1,Diageo
END300030,1,Boston,1030,Casamigos Blanco,750,208,54.0,2024-12-31,1,Diageo
END300031,2,Cambridge,1001,Jack Daniels Old No.7,750,164,24.98,2024-12-31,4,Brown Forman
END300032,2,Cambridge,1002,Jim Beam White,750,226,16.2,2024-12-31,5,Beam Suntory
END300033,2,Lowell,1003,Johnnie Walker Black,750,90,37.8,2024-12-31,1,Diageo
END300034,2,Lowell,1004,Bacardi Superior Rum,750,154,14.18,2024-12-31,2,Bacardi
END300035,2,Springfield,1005,Grey Goose Vodka,750,225,32.4,2024-12-31,1,Diageo
END300036,2,Springfield,1006,Absolut Vodka,750,189,18.9,2024-12-31,3,Pernod Ricard
END300037,2,Boston,1007,Patron Silver Tequila,750,177,51.3,2024-12-31,3,Pernod Ricard
END300038,2,Boston,1008,Jose Cuervo Gold,750,73,21.6,2024-12-31,1,Diageo
END300039,2,Boston,1009,Hennessy VS Cognac,750,201,43.2,2024-12-31,1,Diageo
END300040,2,Springfield,1010,Crown Royal Whisky,750,143,29.7,2024-12-31,1,Diageo
END300041,2,Springfield,1011,Woodford Reserve,750,97,40.5,2024-12-31,4,Brown Forman
END300042,2,Lowell,1012,Makers Mark,750,250,27.0,2024-12-31,4,Brown Forman
END300043,2,Worcester,1013,Bulleit Bourbon,750,106,29.7,2024-12-31,1,Diageo
END300044,2,Cambridge,1014,Tito's Handmade Vodka,750,83,20.25,2024-12-31,13,MS Walker
END300045,2,Boston,1015,Smirnoff No.21,750,78,14.85,2024-12-31,1,Diageo
END300046,2,Worcester,1016,Tanqueray Gin,750,138,24.3,2024-12-31,1,Diageo
END300047,2,Cambridge,1017,Bombay Sapphire,750,125,27.0,2024-12-31,2,Bacardi
END300048,2,Springfield,1018,Captain Morgan Spiced,750,153,18.9,2024-12-31,1,Diageo
END300049,2,Springfield,1019,Malibu Coconut Rum,750,164,17.55,2024-12-31,2,Bacardi
END300050,2,Boston,1020,Southern Comfort,750,215,20.25,2024-12-31,4,Brown Forman
END300051,2,Lowell,1021,Baileys Irish Cream,750,85,29.7,2024-12-31,1,Diageo
END300052,2,Boston,1022,Kahlua Coffee Liqueur,750,68,24.3,2024-12-31,3,Pernod Ricard
END300053,2,Worcester,1023,Evan Williams Bourbon,750,222,13.5,2024-12-31,7,Heaven Hill
END300054,2,Cambridge,1024,Wild Turkey 101,750,188,25.65,2024-12-31,7,Heaven Hill
END300055,2,Worcester,1025,Jameson Irish Whiskey,750,24,33.75,2024-12-31,3,Pernod Ricard
END300056,2,Springfield,1026,Glenfiddich 12yr,750,46,48.6,2024-12-31,1,Diageo
END300057,2,Cambridge,1027,The Macallan 12yr,750,96,74.25,2024-12-31,1,Diageo
END300058,2,Lowell,1028,Belvedere Vodka,750,146,37.8,2024-12-31,1,Diageo
END300059,2,Worcester,1029,Don Julio Blanco,750,27,56.7,2024-12-31,1,Diageo
END300060,2,Springfield,1030,Casamigos Blanco,750,21,54.0,2024-12-31,1,Diageo
END300061,3,Springfield,1001,Jack Daniels Old No.7,750,40,24.98,2024-12-31,4,Brown Forman
END300062,3,Boston,1002,Jim Beam White,750,176,16.2,2024-12-31,5,Beam Suntory
END300063,3,Cambridge,1003,Johnnie Walker Black,750,191,37.8,2024-12-31,1,Diageo
END300064,3,Springfield,1004,Bacardi Superior Rum,750,196,14.18,2024-12-31,2,Bacardi
END300065,3,Boston,1005,Grey Goose Vodka,750,11,32.4,2024-12-31,1,Diageo
END300066,3,Lowell,1006,Absolut Vodka,750,117,18.9,2024-12-31,3,Pernod Ricard
END300067,3,Cambridge,1007,Patron Silver Tequila,750,108,51.3,2024-12-31,3,Pernod Ricard
END300068,3,Worcester,1008,Jose Cuervo Gold,750,219,21.6,2024-12-31,1,Diageo
END300069,3,Worcester,1009,Hennessy VS Cognac,750,66,43.2,2024-12-31,1,Diageo
END300070,3,Cambridge,1010,Crown Royal Whisky,750,74,29.7,2024-12-31,1,Diageo
END300071,3,Cambridge,1011,Woodford Reserve,750,102,40.5,2024-12-31,4,Brown Forman
END300072,3,Lowell,1012,Makers Mark,750,37,27.0,2024-12-31,4,Brown Forman
END300073,3,Springfield,1013,Bulleit Bourbon,750,94,29.7,2024-12-31,1,Diageo
END300074,3,Boston,1014,Tito's Handmade Vodka,750,190,20.25,2024-12-31,13,MS Walker
END300075,3,Springfield,1015,Smirnoff No.21,750,137,14.85,2024-12-31,1,Diageo
END300076,3,Cambridge,1016,Tanqueray Gin,750,67,24.3,2024-12-31,1,Diageo
END300077,3,Boston,1017,Bombay Sapphire,750,233,27.0,2024-12-31,2,Bacardi
END300078,3,Cambridge,1018,Captain Morgan Spiced,750,80,18.9,2024-12-31,1,Diageo
END300079,3,Springfield,1019,Malibu Coconut Rum,750,97,17.55,2024-12-31,2,Bacardi
END300080,3,Lowell,1020,Southern Comfort,750,145,20.25,2024-12-31,4,Brown Forman
END300081,3,Boston,1021,Baileys Irish Cream,750,46,29.7,2024-12-31,1,Diageo
END300082,3,Springfield,1022,Kahlua Coffee Liqueur,750,185,24.3,2024-12-31,3,Pernod Ricard
END300083,3,Springfield,1023,Evan Williams Bourbon,750,165,13.5,2024-12-31,7,Heaven Hill
END300084,3,Springfield,1024,Wild Turkey 101,750,150,25.65,2024-12-31,7,Heaven Hill
END300085,3,Lowell,1025,Jameson Irish Whiskey,750,112,33.75,2024-12-31,3,Pernod Ricard
END300086,3,Boston,1026,Glenfiddich 12yr,750,246,48.6,2024-12-31,1,Diageo
END300087,3,Boston,1027,The Macallan 12yr,750,78,74.25,2024-12-31,1,Diageo
END300088,3,Lowell,1028,Belvedere Vodka,750,80,37.8,2024-12-31,1,Diageo
END300089,3,Lowell,1029,Don Julio Blanco,750,28,56.7,2024-12-31,1,Diageo
END300090,3,Springfield,1030,Casamigos Blanco,750,118,54.0,2024-12-31,1,Diageo
END300091,4,Lowell,1001,Jack Daniels Old No.7,750,248,24.98,2024-12-31,4,Brown Forman
END300092,4,Springfield,1002,Jim Beam White,750,141,16.2,2024-12-31,5,Beam Suntory
END300093,4,Boston,1003,Johnnie Walker Black,750,15,37.8,2024-12-31,1,Diageo
END300094,4,Lowell,1004,Bacardi Superior Rum,750,58,14.18,2024-12-31,2,Bacardi
END300095,4,Worcester,1005,Grey Goose Vodka,750,239,32.4,2024-12-31,1,Diageo
END300096,4,Cambridge,1006,Absolut Vodka,750,177,18.9,2024-12-31,3,Pernod Ricard
END300097,4,Lowell,1007,Patron Silver Tequila,750,104,51.3,2024-12-31,3,Pernod Ricard
END300098,4,Worcester,1008,Jose Cuervo Gold,750,135,21.6,2024-12-31,1,Diageo
END300099,4,Cambridge,1009,Hennessy VS Cognac,750,45,43.2,2024-12-31,1,Diageo
END300100,4,Springfield,1010,Crown Royal Whisky,750,114,29.7,2024-12-31,1,Diageo
END300101,4,Worcester,1011,Woodford Reserve,750,235,40.5,2024-12-31,4,Brown Forman
END300102,4,Cambridge,1012,Makers Mark,750,152,27.0,2024-12-31,4,Brown Forman
END300103,4,Lowell,1013,Bulleit Bourbon,750,125,29.7,2024-12-31,1,Diageo
END300104,4,Boston,1014,Tito's Handmade Vodka,750,204,20.25,2024-12-31,13,MS Walker
END300105,4,Springfield,1015,Smirnoff No.21,750,67,14.85,2024-12-31,1,Diageo
END300106,4,Cambridge,1016,Tanqueray Gin,750,132,24.3,2024-12-31,1,Diageo
END300107,4,Worcester,1017,Bombay Sapphire,750,134,27.0,2024-12-31,2,Bacardi
END300108,4,Worcester,1018,Captain Morgan Spiced,750,83,18.9,2024-12-31,1,Diageo
END300109,4,Worcester,1019,Malibu Coconut Rum,750,132,17.55,2024-12-31,2,Bacardi
END300110,4,Springfield,1020,Southern Comfort,750,195,20.25,2024-12-31,4,Brown Forman
END300111,4,Boston,1021,Baileys Irish Cream,750,136,29.7,2024-12-31,1,Diageo
END300112,4,Boston,1022,Kahlua Coffee Liqueur,750,227,24.3,2024-12-31,3,Pernod Ricard
END300113,4,Springfield,1023,Evan Williams Bourbon,750,180,13.5,2024-12-31,7,Heaven Hill
END300114,4,Springfield,1024,Wild Turkey 101,750,12,25.65,2024-12-31,7,Heaven Hill
END300115,4,Lowell,1025,Jameson Irish Whiskey,750,134,33.75,2024-12-31,3,Pernod Ricard
END300116,4,Worcester,1026,Glenfiddich 12yr,750,33,48.6,2024-12-31,1,Diageo
END300117,4,Worcester,1027,The Macallan 12yr,750,216,74.25,2024-12-31,1,Diageo
END300118,4,Lowell,1028,Belvedere Vodka,750,66,37.8,2024-12-31,1,Diageo
END300119,4,Boston,1029,Don Julio Blanco,750,37,56.7,2024-12-31,1,Diageo
END300120,4,Lowell,1030,Casamigos Blanco,750,95,54.0,2024-12-31,1,Diageo
END300121,5,Boston,1001,Jack Daniels Old No.7,750,155,24.98,2024-12-31,4,Brown Forman
END300122,5,Cambridge,1002,Jim Beam White,750,150,16.2,2024-12-31,5,Beam Suntory
END300123,5,Boston,1003,Johnnie Walker Black,750,85,37.8,2024-12-31,1,Diageo
END300124,5,Cambridge,1004,Bacardi Superior Rum,750,27,14.18,2024-12-31,2,Bacardi
END300125,5,Springfield,1005,Grey Goose Vodka,750,28,32.4,2024-12-31,1,Diageo
END300126,5,Worcester,1006,Absolut Vodka,750,87,18.9,2024-12-31,3,Pernod Ricard
END300127,5,Boston,1007,Patron Silver Tequila,750,108,51.3,2024-12-31,3,Pernod Ricard
END300128,5,Boston,1008,Jose Cuervo Gold,750,65,21.6,2024-12-31,1,Diageo
END300129,5,Cambridge,1009,Hennessy VS Cognac,750,240,43.2,2024-12-31,1,Diageo
END300130,5,Springfield,1010,Crown Royal Whisky,750,34,29.7,2024-12-31,1,Diageo
END300131,5,Cambridge,1011,Woodford Reserve,750,122,40.5,2024-12-31,4,Brown Forman
END300132,5,Springfield,1012,Makers Mark,750,11,27.0,2024-12-31,4,Brown Forman
END300133,5,Boston,1013,Bulleit Bourbon,750,55,29.7,2024-12-31,1,Diageo
END300134,5,Worcester,1014,Tito's Handmade Vodka,750,55,20.25,2024-12-31,13,MS Walker
END300135,5,Worcester,1015,Smirnoff No.21,750,15,14.85,2024-12-31,1,Diageo
END300136,5,Worcester,1016,Tanqueray Gin,750,108,24.3,2024-12-31,1,Diageo
END300137,5,Cambridge,1017,Bombay Sapphire,750,174,27.0,2024-12-31,2,Bacardi
END300138,5,Worcester,1018,Captain Morgan Spiced,750,221,18.9,2024-12-31,1,Diageo
END300139,5,Springfield,1019,Malibu Coconut Rum,750,179,17.55,2024-12-31,2,Bacardi
END300140,5,Springfield,1020,Southern Comfort,750,62,20.25,2024-12-31,4,Brown Forman
END300141,5,Lowell,1021,Baileys Irish Cream,750,171,29.7,2024-12-31,1,Diageo
END300142,5,Lowell,1022,Kahlua Coffee Liqueur,750,85,24.3,2024-12-31,3,Pernod Ricard
END300143,5,Worcester,1023,Evan Williams Bourbon,750,169,13.5,2024-12-31,7,Heaven Hill
END300144,5,Worcester,1024,Wild Turkey 101,750,179,25.65,2024-12-31,7,Heaven Hill
END300145,5,Cambridge,1025,Jameson Irish Whiskey,750,61,33.75,2024-12-31,3,Pernod Ricard
END300146,5,Lowell,1026,Glenfiddich 12yr,750,219,48.6,2024-12-31,1,Diageo
END300147,5,Springfield,1027,The Macallan 12yr,750,216,74.25,2024-12-31,1,Diageo
END300148,5,Boston,1028,Belvedere Vodka,750,29,37.8,2024-12-31,1,Diageo
END300149,5,Springfield,1029,Don Julio Blanco,750,197,56.7,2024-12-31,1,Diageo
END300150,5,Boston,1030,Casamigos Blanco,750,198,54.0,2024-12-31,1,Diageo
END300151,6,Worcester,1001,Jack Daniels Old No.7,750,216,24.98,2024-12-31,4,Brown Forman
END300152,6,Worcester,1002,Jim Beam White,750,170,16.2,2024-12-31,5,Beam Suntory
END300153,6,Lowell,1003,Johnnie Walker Black,750,36,37.8,2024-12-31,1,Diageo
END300154,6,Worcester,1004,Bacardi Superior Rum,750,108,14.18,2024-12-31,2,Bacardi
END300155,6,Springfield,1005,Grey Goose Vodka,750,110,32.4,2024-12-31,1,Diageo
END300156,6,Worcester,1006,Absolut Vodka,750,206,18.9,2024-12-31,3,Pernod Ricard
END300157,6,Springfield,1007,Patron Silver Tequila,750,192,51.3,2024-12-31,3,Pernod Ricard
END300158,6,Worcester,1008,Jose Cuervo Gold,750,24,21.6,2024-12-31,1,Diageo
END300159,6,Cambridge,1009,Hennessy VS Cognac,750,184,43.2,2024-12-31,1,Diageo
END300160,6,Springfield,1010,Crown Royal Whisky,750,204,29.7,2024-12-31,1,Diageo
END300161,6,Springfield,1011,Woodford Reserve,750,66,40.5,2024-12-31,4,Brown Forman
END300162,6,Cambridge,1012,Makers Mark,750,18,27.0,2024-12-31,4,Brown Forman
END300163,6,Springfield,1013,Bulleit Bourbon,750,89,29.7,2024-12-31,1,Diageo
END300164,6,Boston,1014,Tito's Handmade Vodka,750,46,20.25,2024-12-31,13,MS Walker
END300165,6,Worcester,1015,Smirnoff No.21,750,137,14.85,2024-12-31,1,Diageo
END300166,6,Worcester,1016,Tanqueray Gin,750,206,24.3,2024-12-31,1,Diageo
END300167,6,Worcester,1017,Bombay Sapphire,750,139,27.0,2024-12-31,2,Bacardi
END300168,6,Cambridge,1018,Captain Morgan Spiced,750,61,18.9,2024-12-31,1,Diageo
END300169,6,Cambridge,1019,Malibu Coconut Rum,750,92,17.55,2024-12-31,2,Bacardi
END300170,6,Springfield,1020,Southern Comfort,750,169,20.25,2024-12-31,4,Brown Forman
END300171,6,Lowell,1021,Baileys Irish Cream,750,185,29.7,2024-12-31,1,Diageo
END300172,6,Lowell,1022,Kahlua Coffee Liqueur,750,144,24.3,2024-12-31,3,Pernod Ricard
END300173,6,Springfield,1023,Evan Williams Bourbon,750,119,13.5,2024-12-31,7,Heaven Hill
END300174,6,Springfield,1024,Wild Turkey 101,750,191,25.65,2024-12-31,7,Heaven Hill
END300175,6,Worcester,1025,Jameson Irish Whiskey,750,86,33.75,2024-12-31,3,Pernod Ricard
END300176,6,Worcester,1026,Glenfiddich 12yr,750,206,48.6,2024-12-31,1,Diageo
END300177,6,Cambridge,1027,The Macallan 12yr,750,237,74.25,2024-12-31,1,Diageo
END300178,6,Lowell,1028,Belvedere Vodka,750,104,37.8,2024-12-31,1,Diageo
END300179,6,Worcester,1029,Don Julio Blanco,750,246,56.7,2024-12-31,1,Diageo
END300180,6,Lowell,1030,Casamigos Blanco,750,34,54.0,2024-12-31,1,Diageo
END300181,7,Lowell,1001,Jack Daniels Old No.7,750,131,24.98,2024-12-31,4,Brown Forman
END300182,7,Cambridge,1002,Jim Beam White,750,101,16.2,2024-12-31,5,Beam Suntory
END300183,7,Boston,1003,Johnnie Walker Black,750,183,37.8,2024-12-31,1,Diageo
END300184,7,Lowell,1004,Bacardi Superior Rum,750,59,14.18,2024-12-31,2,Bacardi
END300185,7,Boston,1005,Grey Goose Vodka,750,21,32.4,2024-12-31,1,Diageo
END300186,7,Cambridge,1006,Absolut Vodka,750,16,18.9,2024-12-31,3,Pernod Ricard
END300187,7,Cambridge,1007,Patron Silver Tequila,750,250,51.3,2024-12-31,3,Pernod Ricard
END300188,7,Worcester,1008,Jose Cuervo Gold,750,225,21.6,2024-12-31,1,Diageo
END300189,7,Boston,1009,Hennessy VS Cognac,750,138,43.2,2024-12-31,1,Diageo
END300190,7,Lowell,1010,Crown Royal Whisky,750,53,29.7,2024-12-31,1,Diageo
END300191,7,Lowell,1011,Woodford Reserve,750,40,40.5,2024-12-31,4,Brown Forman
END300192,7,Springfield,1012,Makers Mark,750,229,27.0,2024-12-31,4,Brown Forman
END300193,7,Worcester,1013,Bulleit Bourbon,750,214,29.7,2024-12-31,1,Diageo
END300194,7,Boston,1014,Tito's Handmade Vodka,750,99,20.25,2024-12-31,13,MS Walker
END300195,7,Lowell,1015,Smirnoff No.21,750,13,14.85,2024-12-31,1,Diageo
END300196,7,Springfield,1016,Tanqueray Gin,750,194,24.3,2024-12-31,1,Diageo
END300197,7,Springfield,1017,Bombay Sapphire,750,46,27.0,2024-12-31,2,Bacardi
END300198,7,Worcester,1018,Captain Morgan Spiced,750,134,18.9,2024-12-31,1,Diageo
END300199,7,Springfield,1019,Malibu Coconut Rum,750,220,17.55,2024-12-31,2,Bacardi
END300200,7,Springfield,1020,Southern Comfort,750,54,20.25,2024-12-31,4,Brown Forman
END300201,7,Worcester,1021,Baileys Irish Cream,750,229,29.7,2024-12-31,1,Diageo
END300202,7,Worcester,1022,Kahlua Coffee Liqueur,750,18,24.3,2024-12-31,3,Pernod Ricard
END300203,7,Springfield,1023,Evan Williams Bourbon,750,117,13.5,2024-12-31,7,Heaven Hill
END300204,7,Boston,1024,Wild Turkey 101,750,225,25.65,2024-12-31,7,Heaven Hill
END300205,7,Cambridge,1025,Jameson Irish Whiskey,750,80,33.75,2024-12-31,3,Pernod Ricard
END300206,7,Worcester,1026,Glenfiddich 12yr,750,90,48.6,2024-12-31,1,Diageo
END300207,7,Springfield,1027,The Macallan 12yr,750,243,74.25,2024-12-31,1,Diageo
END300208,7,Cambridge,1028,Belvedere Vodka,750,250,37.8,2024-12-31,1,Diageo
END300209,7,Boston,1029,Don Julio Blanco,750,137,56.7,2024-12-31,1,Diageo
END300210,7,Boston,1030,Casamigos Blanco,750,178,54.0,2024-12-31,1,Diageo
END300211,8,Cambridge,1001,Jack Daniels Old No.7,750,35,24.98,2024-12-31,4,Brown Forman
END300212,8,Cambridge,1002,Jim Beam White,750,226,16.2,2024-12-31,5,Beam Suntory
END300213,8,Springfield,1003,Johnnie Walker Black,750,24,37.8,2024-12-31,1,Diageo
END300214,8,Cambridge,1004,Bacardi Superior Rum,750,36,14.18,2024-12-31,2,Bacardi
END300215,8,Cambridge,1005,Grey Goose Vodka,750,24,32.4,2024-12-31,1,Diageo
END300216,8,Lowell,1006,Absolut Vodka,750,23,18.9,2024-12-31,3,Pernod Ricard
END300217,8,Lowell,1007,Patron Silver Tequila,750,13,51.3,2024-12-31,3,Pernod Ricard
END300218,8,Lowell,1008,Jose Cuervo Gold,750,152,21.6,2024-12-31,1,Diageo
END300219,8,Cambridge,1009,Hennessy VS Cognac,750,140,43.2,2024-12-31,1,Diageo
END300220,8,Springfield,1010,Crown Royal Whisky,750,83,29.7,2024-12-31,1,Diageo
END300221,8,Worcester,1011,Woodford Reserve,750,162,40.5,2024-12-31,4,Brown Forman
END300222,8,Lowell,1012,Makers Mark,750,192,27.0,2024-12-31,4,Brown Forman
END300223,8,Boston,1013,Bulleit Bourbon,750,86,29.7,2024-12-31,1,Diageo
END300224,8,Lowell,1014,Tito's Handmade Vodka,750,245,20.25,2024-12-31,13,MS Walker
END300225,8,Worcester,1015,Smirnoff No.21,750,230,14.85,2024-12-31,1,Diageo
END300226,8,Lowell,1016,Tanqueray Gin,750,77,24.3,2024-12-31,1,Diageo
END300227,8,Cambridge,1017,Bombay Sapphire,750,201,27.0,2024-12-31,2,Bacardi
END300228,8,Boston,1018,Captain Morgan Spiced,750,139,18.9,2024-12-31,1,Diageo
END300229,8,Worcester,1019,Malibu Coconut Rum,750,110,17.55,2024-12-31,2,Bacardi
END300230,8,Boston,1020,Southern Comfort,750,134,20.25,2024-12-31,4,Brown Forman
END300231,8,Boston,1021,Baileys Irish Cream,750,237,29.7,2024-12-31,1,Diageo
END300232,8,Boston,1022,Kahlua Coffee Liqueur,750,108,24.3,2024-12-31,3,Pernod Ricard
END300233,8,Worcester,1023,Evan Williams Bourbon,750,42,13.5,2024-12-31,7,Heaven Hill
END300234,8,Worcester,1024,Wild Turkey 101,750,57,25.65,2024-12-31,7,Heaven Hill
END300235,8,Boston,1025,Jameson Irish Whiskey,750,170,33.75,2024-12-31,3,Pernod Ricard
END300236,8,Lowell,1026,Glenfiddich 12yr,750,126,48.6,2024-12-31,1,Diageo
END300237,8,Worcester,1027,The Macallan 12yr,750,83,74.25,2024-12-31,1,Diageo
END300238,8,Worcester,1028,Belvedere Vodka,750,22,37.8,2024-12-31,1,Diageo
END300239,8,Lowell,1029,Don Julio Blanco,750,69,56.7,2024-12-31,1,Diageo
END300240,8,Lowell,1030,Casamigos Blanco,750,76,54.0,2024-12-31,1,Diageo
END300241,9,Worcester,1001,Jack Daniels Old No.7,750,28,24.98,2024-12-31,4,Brown Forman
END300242,9,Springfield,1002,Jim Beam White,750,244,16.2,2024-12-31,5,Beam Suntory
END300243,9,Lowell,1003,Johnnie Walker Black,750,249,37.8,2024-12-31,1,Diageo
END300244,9,Cambridge,1004,Bacardi Superior Rum,750,41,14.18,2024-12-31,2,Bacardi
END300245,9,Springfield,1005,Grey Goose Vodka,750,130,32.4,2024-12-31,1,Diageo
END300246,9,Worcester,1006,Absolut Vodka,750,44,18.9,2024-12-31,3,Pernod Ricard
END300247,9,Worcester,1007,Patron Silver Tequila,750,88,51.3,2024-12-31,3,Pernod Ricard
END300248,9,Lowell,1008,Jose Cuervo Gold,750,50,21.6,2024-12-31,1,Diageo
END300249,9,Worcester,1009,Hennessy VS Cognac,750,199,43.2,2024-12-31,1,Diageo
END300250,9,Boston,1010,Crown Royal Whisky,750,233,29.7,2024-12-31,1,Diageo
END300251,9,Worcester,1011,Woodford Reserve,750,165,40.5,2024-12-31,4,Brown Forman
END300252,9,Cambridge,1012,Makers Mark,750,168,27.0,2024-12-31,4,Brown Forman
END300253,9,Boston,1013,Bulleit Bourbon,750,114,29.7,2024-12-31,1,Diageo
END300254,9,Lowell,1014,Tito's Handmade Vodka,750,118,20.25,2024-12-31,13,MS Walker
END300255,9,Boston,1015,Smirnoff No.21,750,178,14.85,2024-12-31,1,Diageo
END300256,9,Worcester,1016,Tanqueray Gin,750,153,24.3,2024-12-31,1,Diageo
END300257,9,Cambridge,1017,Bombay Sapphire,750,119,27.0,2024-12-31,2,Bacardi
END300258,9,Springfield,1018,Captain Morgan Spiced,750,26,18.9,2024-12-31,1,Diageo
END300259,9,Worcester,1019,Malibu Coconut Rum,750,138,17.55,2024-12-31,2,Bacardi
END300260,9,Cambridge,1020,Southern Comfort,750,78,20.25,2024-12-31,4,Brown Forman
END300261,9,Boston,1021,Baileys Irish Cream,750,196,29.7,2024-12-31,1,Diageo
END300262,9,Cambridge,1022,Kahlua Coffee Liqueur,750,13,24.3,2024-12-31,3,Pernod Ricard
END300263,9,Worcester,1023,Evan Williams Bourbon,750,18,13.5,2024-12-31,7,Heaven Hill
END300264,9,Cambridge,1024,Wild Turkey 101,750,44,25.65,2024-12-31,7,Heaven Hill
END300265,9,Boston,1025,Jameson Irish Whiskey,750,42,33.75,2024-12-31,3,Pernod Ricard
END300266,9,Cambridge,1026,Glenfiddich 12yr,750,241,48.6,2024-12-31,1,Diageo
END300267,9,Lowell,1027,The Macallan 12yr,750,163,74.25,2024-12-31,1,Diageo
END300268,9,Boston,1028,Belvedere Vodka,750,105,37.8,2024-12-31,1,Diageo
END300269,9,Worcester,1029,Don Julio Blanco,750,56,56.7,2024-12-31,1,Diageo
END300270,9,Lowell,1030,Casamigos Blanco,750,121,54.0,2024-12-31,1,Diageo
END300271,10,Cambridge,1001,Jack Daniels Old No.7,750,83,24.98,2024-12-31,4,Brown Forman
END300272,10,Springfield,1002,Jim Beam White,750,229,16.2,2024-12-31,5,Beam Suntory
END300273,10,Cambridge,1003,Johnnie Walker Black,750,206,37.8,2024-12-31,1,Diageo
END300274,10,Boston,1004,Bacardi Superior Rum,750,220,14.18,2024-12-31,2,Bacardi
END300275,10,Worcester,1005,Grey Goose Vodka,750,181,32.4,2024-12-31,1,Diageo
END300276,10,Lowell,1006,Absolut Vodka,750,220,18.9,2024-12-31,3,Pernod Ricard
END300277,10,Boston,1007,Patron Silver Tequila,750,249,51.3,2024-12-31,3,Pernod Ricard
END300278,10,Springfield,1008,Jose Cuervo Gold,750,134,21.6,2024-12-31,1,Diageo
END300279,10,Springfield,1009,Hennessy VS Cognac,750,37,43.2,2024-12-31,1,Diageo
END300280,10,Springfield,1010,Crown Royal Whisky,750,54,29.7,2024-12-31,1,Diageo
END300281,10,Cambridge,1011,Woodford Reserve,750,227,40.5,2024-12-31,4,Brown Forman
END300282,10,Boston,1012,Makers Mark,750,183,27.0,2024-12-31,4,Brown Forman
END300283,10,Lowell,1013,Bulleit Bourbon,750,201,29.7,2024-12-31,1,Diageo
END300284,10,Boston,1014,Tito's Handmade Vodka,750,55,20.25,2024-12-31,13,MS Walker
END300285,10,Boston,1015,Smirnoff No.21,750,244,14.85,2024-12-31,1,Diageo
END300286,10,Lowell,1016,Tanqueray Gin,750,218,24.3,2024-12-31,1,Diageo
END300287,10,Boston,1017,Bombay Sapphire,750,17,27.0,2024-12-31,2,Bacardi
END300288,10,Boston,1018,Captain Morgan Spiced,750,43,18.9,2024-12-31,1,Diageo
END300289,10,Cambridge,1019,Malibu Coconut Rum,750,152,17.55,2024-12-31,2,Bacardi
END300290,10,Boston,1020,Southern Comfort,750,88,20.25,2024-12-31,4,Brown Forman
END300291,10,Cambridge,1021,Baileys Irish Cream,750,112,29.7,2024-12-31,1,Diageo
END300292,10,Lowell,1022,Kahlua Coffee Liqueur,750,143,24.3,2024-12-31,3,Pernod Ricard
END300293,10,Springfield,1023,Evan Williams Bourbon,750,108,13.5,2024-12-31,7,Heaven Hill
END300294,10,Lowell,1024,Wild Turkey 101,750,193,25.65,2024-12-31,7,Heaven Hill
END300295,10,Springfield,1025,Jameson Irish Whiskey,750,39,33.75,2024-12-31,3,Pernod Ricard
END300296,10,Lowell,1026,Glenfiddich 12yr,750,26,48.6,2024-12-31,1,Diageo
END300297,10,Lowell,1027,The Macallan 12yr,750,236,74.25,2024-12-31,1,Diageo
END300298,10,Boston,1028,Belvedere Vodka,750,46,37.8,2024-12-31,1,Diageo
END300299,10,Cambridge,1029,Don Julio Blanco,750,26,56.7,2024-12-31,1,Diageo
END300300,10,Springfield,1030,Casamigos Blanco,750,157,54.0,2024-12-31,1,Diageo
