Brand,Description,Price,Size,Volume,Classification,PurchasePrice,VendorNumber,VendorName
1001,Jack Daniels Old No.7,18.76,750,750,Whiskey,16.31,4,Brown Forman
1001,Jack Daniels Old No.7,18.08,750,750,Whiskey,16.57,4,Brown Forman
1001,Jack Daniels Old No.7,18.94,750,750,Whiskey,17.16,4,Brown Forman
1001,Jack Daniels Old No.7,19.23,750,750,Whiskey,16.39,4,Brown Forman
1001,Jack Daniels Old No.7,18.36,750,750,Whiskey,16.32,4,Brown Forman
1001,Jack Daniels Old No.7,17.98,750,750,Whiskey,16.93,4,Brown Forman
1001,Jack Daniels Old No.7,17.62,750,750,Whiskey,16.54,4,Brown Forman
1001,Jack Daniels Old No.7,18.78,750,750,Whiskey,16.99,4,Brown Forman
1001,Jack Daniels Old No.7,17.98,750,750,Whiskey,17.04,4,Brown Forman
1001,Jack Daniels Old No.7,19.07,750,750,Whiskey,16.29,4,Brown Forman
1001,Jack Daniels Old No.7,19.07,750,750,Whiskey,17.18,4,Brown Forman
1001,Jack Daniels Old No.7,18.2,750,750,Whiskey,16.48,4,Brown Forman
1002,Jim Beam White,12.55,750,750,Whiskey,10.84,5,Beam Suntory
1002,Jim Beam White,11.51,750,750,Whiskey,10.64,5,Beam Suntory
1002,Jim Beam White,12.42,750,750,Whiskey,11.07,5,Beam Suntory
1002,Jim Beam White,12.37,750,750,Whiskey,11.17,5,Beam Suntory
1002,Jim Beam White,12.04,750,750,Whiskey,11.38,5,Beam Suntory
1002,Jim Beam White,11.85,750,750,Whiskey,11.02,5,Beam Suntory
1002,Jim Beam White,12.4,750,750,Whiskey,11.08,5,Beam Suntory
1002,Jim Beam White,12.43,750,750,Whiskey,11.04,5,Beam Suntory
1002,Jim Beam White,12.25,750,750,Whiskey,10.6,5,Beam Suntory
1002,Jim Beam White,11.67,750,750,Whiskey,10.8,5,Beam Suntory
1002,Jim Beam White,11.5,750,750,Whiskey,10.76,5,Beam Suntory
1002,Jim Beam White,11.52,750,750,Whiskey,10.79,5,Beam Suntory
1003,Johnnie Walker Black,28.38,750,750,Scotch,25.36,1,Diageo
1003,Johnnie Walker Black,27.64,750,750,Scotch,25.05,1,Diageo
1003,Johnnie Walker Black,27.35,750,750,Scotch,26.48,1,Diageo
1003,Johnnie Walker Black,28.41,750,750,Scotch,25.83,1,Diageo
1003,Johnnie Walker Black,27.08,750,750,Scotch,26.07,1,Diageo
1003,Johnnie Walker Black,27.06,750,750,Scotch,25.38,1,Diageo
1003,Johnnie Walker Black,29.37,750,750,Scotch,25.89,1,Diageo
1003,Johnnie Walker Black,28.16,750,750,Scotch,25.98,1,Diageo
1003,Johnnie Walker Black,28.96,750,750,Scotch,26.16,1,Diageo
1003,Johnnie Walker Black,27.24,750,750,Scotch,24.7,1,Diageo
1003,Johnnie Walker Black,27.48,750,750,Scotch,25.16,1,Diageo
1003,Johnnie Walker Black,27.19,750,750,Scotch,26.49,1,Diageo
1004,Bacardi Superior Rum,10.9,750,750,Rum,9.47,2,Bacardi
1004,Bacardi Superior Rum,10.66,750,750,Rum,9.53,2,Bacardi
1004,Bacardi Superior Rum,10.94,750,750,Rum,9.58,2,Bacardi
1004,Bacardi Superior Rum,10.25,750,750,Rum,9.42,2,Bacardi
1004,Bacardi Superior Rum,10.56,750,750,Rum,9.43,2,Bacardi
1004,Bacardi Superior Rum,10.59,750,750,Rum,9.9,2,Bacardi
1004,Bacardi Superior Rum,10.39,750,750,Rum,9.4,2,Bacardi
1004,Bacardi Superior Rum,11.02,750,750,Rum,9.61,2,Bacardi
1004,Bacardi Superior Rum,10.07,750,750,Rum,9.27,2,Bacardi
1004,Bacardi Superior Rum,10.09,750,750,Rum,9.7,2,Bacardi
1004,Bacardi Superior Rum,10.81,750,750,Rum,9.55,2,Bacardi
1004,Bacardi Superior Rum,10.04,750,750,Rum,9.52,2,Bacardi
1005,Grey Goose Vodka,25.19,750,750,Vodka,22.01,1,Diageo
1005,Grey Goose Vodka,25.13,750,750,Vodka,22.57,1,Diageo
1005,Grey Goose Vodka,22.83,750,750,Vodka,22.33,1,Diageo
1005,Grey Goose Vodka,24.44,750,750,Vodka,22.02,1,Diageo
1005,Grey Goose Vodka,23.44,750,750,Vodka,22.2,1,Diageo
1005,Grey Goose Vodka,23.07,750,750,Vodka,21.85,1,Diageo
1005,Grey Goose Vodka,23.89,750,750,Vodka,22.72,1,Diageo
1005,Grey Goose Vodka,24.9,750,750,Vodka,21.56,1,Diageo
1005,Grey Goose Vodka,24.0,750,750,Vodka,21.42,1,Diageo
1005,Grey Goose Vodka,24.99,750,750,Vodka,22.58,1,Diageo
1005,Grey Goose Vodka,23.52,750,750,Vodka,22.19,1,Diageo
1005,Grey Goose Vodka,24.26,750,750,Vodka,21.38,1,Diageo
1006,Absolut Vodka,14.37,750,750,Vodka,12.85,3,Pernod Ricard
1006,Absolut Vodka,14.39,750,750,Vodka,12.84,3,Pernod Ricard
1006,Absolut Vodka,13.3,750,750,Vodka,12.64,3,Pernod Ricard
1006,Absolut Vodka,13.33,750,750,Vodka,13.23,3,Pernod Ricard
1006,Absolut Vodka,14.53,750,750,Vodka,13.14,3,Pernod Ricard
1006,Absolut Vodka,13.73,750,750,Vodka,12.38,3,Pernod Ricard
1006,Absolut Vodka,14.53,750,750,Vodka,13.25,3,Pernod Ricard
1006,Absolut Vodka,13.42,750,750,Vodka,12.8,3,Pernod Ricard
1006,Absolut Vodka,13.4,750,750,Vodka,13.07,3,Pernod Ricard
1006,Absolut Vodka,14.37,750,750,Vodka,12.45,3,Pernod Ricard
1006,Absolut Vodka,13.97,750,750,Vodka,12.86,3,Pernod Ricard
1006,Absolut Vodka,13.67,750,750,Vodka,13.17,3,Pernod Ricard
1007,Patron Silver Tequila,37.71,750,750,Tequila,34.0,3,Pernod Ricard
1007,Patron Silver Tequila,38.15,750,750,Tequila,35.38,3,Pernod Ricard
1007,Patron Silver Tequila,36.86,750,750,Tequila,34.27,3,Pernod Ricard
1007,Patron Silver Tequila,39.88,750,750,Tequila,35.17,3,Pernod Ricard
1007,Patron Silver Tequila,37.76,750,750,Tequila,34.82,3,Pernod Ricard
1007,Patron Silver Tequila,36.56,750,750,Tequila,34.04,3,Pernod Ricard
1007,Patron Silver Tequila,37.38,750,750,Tequila,35.0,3,Pernod Ricard
1007,Patron Silver Tequila,36.97,750,750,Tequila,34.03,3,Pernod Ricard
1007,Patron Silver Tequila,36.37,750,750,Tequila,35.12,3,Pernod Ricard
1007,Patron Silver Tequila,36.97,750,750,Tequila,35.85,3,Pernod Ricard
1007,Patron Silver Tequila,39.37,750,750,Tequila,33.63,3,Pernod Ricard
1007,Patron Silver Tequila,37.0,750,750,Tequila,35.22,3,Pernod Ricard
1008,Jose Cuervo Gold,15.54,750,750,Tequila,14.23,1,Diageo
1008,Jose Cuervo Gold,16.7,750,750,Tequila,14.72,1,Diageo
1008,Jose Cuervo Gold,15.96,750,750,Tequila,14.96,1,Diageo
1008,Jose Cuervo Gold,16.49,750,750,Tequila,14.29,1,Diageo
1008,Jose Cuervo Gold,15.36,750,750,Tequila,14.56,1,Diageo
1008,Jose Cuervo Gold,15.88,750,750,Tequila,14.6,1,Diageo
1008,Jose Cuervo Gold,16.37,750,750,Tequila,14.83,1,Diageo
1008,Jose Cuervo Gold,16.77,750,750,Tequila,14.19,1,Diageo
1008,Jose Cuervo Gold,15.84,750,750,Tequila,14.46,1,Diageo
1008,Jose Cuervo Gold,16.58,750,750,Tequila,14.36,1,Diageo
1008,Jose Cuervo Gold,15.5,750,750,Tequila,14.58,1,Diageo
1008,Jose Cuervo Gold,15.88,750,750,Tequila,14.39,1,Diageo
1009,Hennessy VS Cognac,31.2,750,750,Cognac,30.23,1,Diageo
1009,Hennessy VS Cognac,31.82,750,750,Cognac,30.09,1,Diageo
1009,Hennessy VS Cognac,32.16,750,750,Cognac,28.27,1,Diageo
1009,Hennessy VS Cognac,33.6,750,750,Cognac,30.03,1,Diageo
1009,Hennessy VS Cognac,33.5,750,750,Cognac,30.24,1,Diageo
1009,Hennessy VS Cognac,33.12,750,750,Cognac,28.53,1,Diageo
1009,Hennessy VS Cognac,31.95,750,750,Cognac,28.64,1,Diageo
1009,Hennessy VS Cognac,31.68,750,750,Cognac,28.29,1,Diageo
1009,Hennessy VS Cognac,31.61,750,750,Cognac,30.37,1,Diageo
1009,Hennessy VS Cognac,31.25,750,750,Cognac,29.92,1,Diageo
1009,Hennessy VS Cognac,31.86,750,750,Cognac,29.11,1,Diageo
1009,Hennessy VS Cognac,33.46,750,750,Cognac,30.39,1,Diageo
1010,Crown Royal Whisky,22.12,750,750,Whiskey,20.47,1,Diageo
1010,Crown Royal Whisky,21.24,750,750,Whiskey,19.82,1,Diageo
1010,Crown Royal Whisky,23.03,750,750,Whiskey,20.25,1,Diageo
1010,Crown Royal Whisky,22.09,750,750,Whiskey,20.51,1,Diageo
1010,Crown Royal Whisky,21.03,750,750,Whiskey,20.26,1,Diageo
1010,Crown Royal Whisky,22.01,750,750,Whiskey,20.67,1,Diageo
1010,Crown Royal Whisky,21.25,750,750,Whiskey,20.84,1,Diageo
1010,Crown Royal Whisky,21.08,750,750,Whiskey,19.65,1,Diageo
1010,Crown Royal Whisky,22.21,750,750,Whiskey,20.4,1,Diageo
1010,Crown Royal Whisky,21.42,750,750,Whiskey,19.54,1,Diageo
1010,Crown Royal Whisky,22.86,750,750,Whiskey,19.74,1,Diageo
1010,Crown Royal Whisky,22.21,750,750,Whiskey,20.31,1,Diageo
1011,Woodford Reserve,29.76,750,750,Bourbon,27.63,4,Brown Forman
1011,Woodford Reserve,30.07,750,750,Bourbon,28.36,4,Brown Forman
1011,Woodford Reserve,29.11,750,750,Bourbon,27.9,4,Brown Forman
1011,Woodford Reserve,29.22,750,750,Bourbon,27.23,4,Brown Forman
1011,Woodford Reserve,30.52,750,750,Bourbon,27.03,4,Brown Forman
1011,Woodford Reserve,29.45,750,750,Bourbon,27.98,4,Brown Forman
1011,Woodford Reserve,28.72,750,750,Bourbon,27.36,4,Brown Forman
1011,Woodford Reserve,31.5,750,750,Bourbon,28.49,4,Brown Forman
1011,Woodford Reserve,28.72,750,750,Bourbon,26.85,4,Brown Forman
1011,Woodford Reserve,29.3,750,750,Bourbon,28.36,4,Brown Forman
1011,Woodford Reserve,31.14,750,750,Bourbon,28.25,4,Brown Forman
1011,Woodford Reserve,29.61,750,750,Bourbon,26.73,4,Brown Forman
1012,Makers Mark,20.67,750,750,Bourbon,18.58,4,Brown Forman
1012,Makers Mark,20.22,750,750,Bourbon,18.98,4,Brown Forman
1012,Makers Mark,20.31,750,750,Bourbon,17.61,4,Brown Forman
1012,Makers Mark,20.63,750,750,Bourbon,18.02,4,Brown Forman
1012,Makers Mark,20.33,750,750,Bourbon,18.91,4,Brown Forman
1012,Makers Mark,19.27,750,750,Bourbon,17.76,4,Brown Forman
1012,Makers Mark,19.21,750,750,Bourbon,18.37,4,Brown Forman
1012,Makers Mark,19.54,750,750,Bourbon,18.45,4,Brown Forman
1012,Makers Mark,20.44,750,750,Bourbon,17.89,4,Brown Forman
1012,Makers Mark,20.27,750,750,Bourbon,17.97,4,Brown Forman
1012,Makers Mark,19.98,750,750,Bourbon,18.87,4,Brown Forman
1012,Makers Mark,20.69,750,750,Bourbon,17.73,4,Brown Forman
1013,Bulleit Bourbon,21.83,750,750,Bourbon,19.79,1,Diageo
1013,Bulleit Bourbon,20.91,750,750,Bourbon,20.55,1,Diageo
1013,Bulleit Bourbon,22.3,750,750,Bourbon,19.76,1,Diageo
1013,Bulleit Bourbon,22.53,750,750,Bourbon,20.21,1,Diageo
1013,Bulleit Bourbon,21.84,750,750,Bourbon,19.37,1,Diageo
1013,Bulleit Bourbon,21.07,750,750,Bourbon,20.72,1,Diageo
1013,Bulleit Bourbon,22.89,750,750,Bourbon,20.2,1,Diageo
1013,Bulleit Bourbon,22.74,750,750,Bourbon,20.26,1,Diageo
1013,Bulleit Bourbon,21.23,750,750,Bourbon,19.56,1,Diageo
1013,Bulleit Bourbon,21.58,750,750,Bourbon,20.74,1,Diageo
1013,Bulleit Bourbon,22.65,750,750,Bourbon,20.69,1,Diageo
1013,Bulleit Bourbon,22.88,750,750,Bourbon,19.68,1,Diageo
1014,Tito's Handmade Vodka,14.62,750,750,Vodka,13.31,13,MS Walker
1014,Tito's Handmade Vodka,15.42,750,750,Vodka,14.13,13,MS Walker
1014,Tito's Handmade Vodka,14.86,750,750,Vodka,13.85,13,MS Walker
1014,Tito's Handmade Vodka,14.48,750,750,Vodka,14.18,13,MS Walker
1014,Tito's Handmade Vodka,15.55,750,750,Vodka,14.23,13,MS Walker
1014,Tito's Handmade Vodka,15.47,750,750,Vodka,14.13,13,MS Walker
1014,Tito's Handmade Vodka,14.29,750,750,Vodka,13.97,13,MS Walker
1014,Tito's Handmade Vodka,14.75,750,750,Vodka,14.18,13,MS Walker
1014,Tito's Handmade Vodka,15.45,750,750,Vodka,14.11,13,MS Walker
1014,Tito's Handmade Vodka,15.47,750,750,Vodka,13.48,13,MS Walker
1014,Tito's Handmade Vodka,15.43,750,750,Vodka,13.31,13,MS Walker
1014,Tito's Handmade Vodka,15.56,750,750,Vodka,14.1,13,MS Walker
1015,Smirnoff No.21,10.69,750,750,Vodka,10.31,1,Diageo
1015,Smirnoff No.21,10.96,750,750,Vodka,9.91,1,Diageo
1015,Smirnoff No.21,11.32,750,750,Vodka,9.86,1,Diageo
1015,Smirnoff No.21,10.48,750,750,Vodka,9.83,1,Diageo
1015,Smirnoff No.21,10.81,750,750,Vodka,10.35,1,Diageo
1015,Smirnoff No.21,11.51,750,750,Vodka,9.89,1,Diageo
1015,Smirnoff No.21,11.16,750,750,Vodka,9.99,1,Diageo
1015,Smirnoff No.21,11.53,750,750,Vodka,10.09,1,Diageo
1015,Smirnoff No.21,11.48,750,750,Vodka,9.77,1,Diageo
1015,Smirnoff No.21,11.52,750,750,Vodka,9.82,1,Diageo
1015,Smirnoff No.21,11.51,750,750,Vodka,9.88,1,Diageo
1015,Smirnoff No.21,10.57,750,750,Vodka,10.01,1,Diageo
1016,Tanqueray Gin,18.41,750,750,Gin,16.24,1,Diageo
1016,Tanqueray Gin,18.19,750,750,Gin,16.48,1,Diageo
1016,Tanqueray Gin,17.79,750,750,Gin,16.57,1,Diageo
1016,Tanqueray Gin,17.56,750,750,Gin,16.73,1,Diageo
1016,Tanqueray Gin,17.1,750,750,Gin,17.01,1,Diageo
1016,Tanqueray Gin,18.07,750,750,Gin,16.75,1,Diageo
1016,Tanqueray Gin,18.44,750,750,Gin,16.68,1,Diageo
1016,Tanqueray Gin,17.76,750,750,Gin,15.93,1,Diageo
1016,Tanqueray Gin,18.3,750,750,Gin,16.26,1,Diageo
1016,Tanqueray Gin,17.67,750,750,Gin,16.91,1,Diageo
1016,Tanqueray Gin,18.4,750,750,Gin,16.22,1,Diageo
1016,Tanqueray Gin,17.66,750,750,Gin,16.35,1,Diageo
1017,Bombay Sapphire,19.8,750,750,Gin,18.01,2,Bacardi
1017,Bombay Sapphire,19.25,750,750,Gin,18.19,2,Bacardi
1017,Bombay Sapphire,20.88,750,750,Gin,18.55,2,Bacardi
1017,Bombay Sapphire,20.81,750,750,Gin,18.46,2,Bacardi
1017,Bombay Sapphire,19.6,750,750,Gin,18.37,2,Bacardi
1017,Bombay Sapphire,19.0,750,750,Gin,18.0,2,Bacardi
1017,Bombay Sapphire,19.86,750,750,Gin,18.41,2,Bacardi
1017,Bombay Sapphire,20.31,750,750,Gin,18.25,2,Bacardi
1017,Bombay Sapphire,19.88,750,750,Gin,17.9,2,Bacardi
1017,Bombay Sapphire,19.95,750,750,Gin,18.86,2,Bacardi
1017,Bombay Sapphire,20.59,750,750,Gin,17.84,2,Bacardi
1017,Bombay Sapphire,19.17,750,750,Gin,18.32,2,Bacardi
1018,Captain Morgan Spiced,14.19,750,750,Rum,12.65,1,Diageo
1018,Captain Morgan Spiced,14.45,750,750,Rum,13.06,1,Diageo
1018,Captain Morgan Spiced,14.24,750,750,Rum,12.54,1,Diageo
1018,Captain Morgan Spiced,13.58,750,750,Rum,12.34,1,Diageo
1018,Captain Morgan Spiced,13.64,750,750,Rum,12.79,1,Diageo
1018,Captain Morgan Spiced,14.49,750,750,Rum,12.39,1,Diageo
1018,Captain Morgan Spiced,13.88,750,750,Rum,12.94,1,Diageo
1018,Captain Morgan Spiced,13.57,750,750,Rum,13.0,1,Diageo
1018,Captain Morgan Spiced,13.99,750,750,Rum,12.56,1,Diageo
1018,Captain Morgan Spiced,14.22,750,750,Rum,12.33,1,Diageo
1018,Captain Morgan Spiced,14.35,750,750,Rum,13.07,1,Diageo
1018,Captain Morgan Spiced,13.45,750,750,Rum,12.74,1,Diageo
1019,Malibu Coconut Rum,12.58,750,750,Rum,12.31,2,Bacardi
1019,Malibu Coconut Rum,13.02,750,750,Rum,11.49,2,Bacardi
1019,Malibu Coconut Rum,12.67,750,750,Rum,12.21,2,Bacardi
1019,Malibu Coconut Rum,12.94,750,750,Rum,12.17,2,Bacardi
1019,Malibu Coconut Rum,13.22,750,750,Rum,12.34,2,Bacardi
1019,Malibu Coconut Rum,13.12,750,750,Rum,12.3,2,Bacardi
1019,Malibu Coconut Rum,13.51,750,750,Rum,12.0,2,Bacardi
1019,Malibu Coconut Rum,13.29,750,750,Rum,11.9,2,Bacardi
1019,Malibu Coconut Rum,13.43,750,750,Rum,11.94,2,Bacardi
1019,Malibu Coconut Rum,13.52,750,750,Rum,12.12,2,Bacardi
1019,Malibu Coconut Rum,12.97,750,750,Rum,11.68,2,Bacardi
1019,Malibu Coconut Rum,12.67,750,750,Rum,12.02,2,Bacardi
1020,Southern Comfort,15.4,750,750,Liqueur,13.75,4,Brown Forman
1020,Southern Comfort,15.19,750,750,Liqueur,13.49,4,Brown Forman
1020,Southern Comfort,14.37,750,750,Liqueur,13.5,4,Brown Forman
1020,Southern Comfort,14.66,750,750,Liqueur,13.54,4,Brown Forman
1020,Southern Comfort,15.06,750,750,Liqueur,13.35,4,Brown Forman
1020,Southern Comfort,14.6,750,750,Liqueur,13.93,4,Brown Forman
1020,Southern Comfort,15.31,750,750,Liqueur,13.27,4,Brown Forman
1020,Southern Comfort,14.86,750,750,Liqueur,13.77,4,Brown Forman
1020,Southern Comfort,14.87,750,750,Liqueur,13.42,4,Brown Forman
1020,Southern Comfort,14.88,750,750,Liqueur,14.15,4,Brown Forman
1020,Southern Comfort,15.13,750,750,Liqueur,13.93,4,Brown Forman
1020,Southern Comfort,15.54,750,750,Liqueur,14.0,4,Brown Forman
1021,Baileys Irish Cream,21.74,750,750,Liqueur,19.37,1,Diageo
1021,Baileys Irish Cream,21.67,750,750,Liqueur,20.52,1,Diageo
1021,Baileys Irish Cream,22.78,750,750,Liqueur,20.83,1,Diageo
1021,Baileys Irish Cream,21.82,750,750,Liqueur,20.51,1,Diageo
1021,Baileys Irish Cream,22.1,750,750,Liqueur,20.29,1,Diageo
1021,Baileys Irish Cream,21.39,750,750,Liqueur,19.7,1,Diageo
1021,Baileys Irish Cream,21.86,750,750,Liqueur,19.4,1,Diageo
1021,Baileys Irish Cream,21.64,750,750,Liqueur,20.41,1,Diageo
1021,Baileys Irish Cream,21.79,750,750,Liqueur,19.61,1,Diageo
1021,Baileys Irish Cream,21.93,750,750,Liqueur,19.56,1,Diageo
1021,Baileys Irish Cream,22.27,750,750,Liqueur,19.4,1,Diageo
1021,Baileys Irish Cream,21.77,750,750,Liqueur,20.23,1,Diageo
1022,Kahlua Coffee Liqueur,17.15,750,750,Liqueur,16.65,3,Pernod Ricard
1022,Kahlua Coffee Liqueur,17.34,750,750,Liqueur,16.42,3,Pernod Ricard
1022,Kahlua Coffee Liqueur,17.19,750,750,Liqueur,16.32,3,Pernod Ricard
1022,Kahlua Coffee Liqueur,17.48,750,750,Liqueur,16.25,3,Pernod Ricard
1022,Kahlua Coffee Liqueur,18.47,750,750,Liqueur,16.32,3,Pernod Ricard
1022,Kahlua Coffee Liqueur,18.45,750,750,Liqueur,16.89,3,Pernod Ricard
1022,Kahlua Coffee Liqueur,17.55,750,750,Liqueur,15.94,3,Pernod Ricard
1022,Kahlua Coffee Liqueur,17.13,750,750,Liqueur,16.52,3,Pernod Ricard
1022,Kahlua Coffee Liqueur,18.9,750,750,Liqueur,16.28,3,Pernod Ricard
1022,Kahlua Coffee Liqueur,18.27,750,750,Liqueur,16.82,3,Pernod Ricard
1022,Kahlua Coffee Liqueur,18.27,750,750,Liqueur,16.79,3,Pernod Ricard
1022,Kahlua Coffee Liqueur,18.81,750,750,Liqueur,16.09,3,Pernod Ricard
1023,Evan Williams Bourbon,9.52,750,750,Bourbon,8.91,7,Heaven Hill
1023,Evan Williams Bourbon,9.63,750,750,Bourbon,9.27,7,Heaven Hill
1023,Evan Williams Bourbon,10.06,750,750,Bourbon,8.95,7,Heaven Hill
1023,Evan Williams Bourbon,10.2,750,750,Bourbon,9.34,7,Heaven Hill
1023,Evan Williams Bourbon,9.67,750,750,Bourbon,9.23,7,Heaven Hill
1023,Evan Williams Bourbon,10.25,750,750,Bourbon,8.88,7,Heaven Hill
1023,Evan Williams Bourbon,10.32,750,750,Bourbon,9.48,7,Heaven Hill
1023,Evan Williams Bourbon,9.61,750,750,Bourbon,8.82,7,Heaven Hill
1023,Evan Williams Bourbon,9.81,750,750,Bourbon,9.27,7,Heaven Hill
1023,Evan Williams Bourbon,10.46,750,750,Bourbon,9.08,7,Heaven Hill
1023,Evan Williams Bourbon,10.22,750,750,Bourbon,8.85,7,Heaven Hill
1023,Evan Williams Bourbon,10.19,750,750,Bourbon,9.24,7,Heaven Hill
1024,Wild Turkey 101,18.24,750,750,Bourbon,17.75,7,Heaven Hill
1024,Wild Turkey 101,19.67,750,750,Bourbon,17.52,7,Heaven Hill
1024,Wild Turkey 101,18.28,750,750,Bourbon,18.03,7,Heaven Hill
1024,Wild Turkey 101,19.54,750,750,Bourbon,17.18,7,Heaven Hill
1024,Wild Turkey 101,18.86,750,750,Bourbon,17.21,7,Heaven Hill
1024,Wild Turkey 101,19.01,750,750,Bourbon,17.17,7,Heaven Hill
1024,Wild Turkey 101,19.66,750,750,Bourbon,17.81,7,Heaven Hill
1024,Wild Turkey 101,18.25,750,750,Bourbon,18.0,7,Heaven Hill
1024,Wild Turkey 101,19.26,750,750,Bourbon,17.82,7,Heaven Hill
1024,Wild Turkey 101,19.39,750,750,Bourbon,17.3,7,Heaven Hill
1024,Wild Turkey 101,19.44,750,750,Bourbon,18.0,7,Heaven Hill
1024,Wild Turkey 101,18.56,750,750,Bourbon,17.79,7,Heaven Hill
1025,Jameson Irish Whiskey,25.1,750,750,Whiskey,22.85,3,Pernod Ricard
1025,Jameson Irish Whiskey,24.84,750,750,Whiskey,23.28,3,Pernod Ricard
1025,Jameson Irish Whiskey,24.42,750,750,Whiskey,23.49,3,Pernod Ricard
1025,Jameson Irish Whiskey,25.83,750,750,Whiskey,22.15,3,Pernod Ricard
1025,Jameson Irish Whiskey,25.95,750,750,Whiskey,22.43,3,Pernod Ricard
1025,Jameson Irish Whiskey,24.91,750,750,Whiskey,23.07,3,Pernod Ricard
1025,Jameson Irish Whiskey,24.7,750,750,Whiskey,22.05,3,Pernod Ricard
1025,Jameson Irish Whiskey,25.88,750,750,Whiskey,22.32,3,Pernod Ricard
1025,Jameson Irish Whiskey,24.28,750,750,Whiskey,23.4,3,Pernod Ricard
1025,Jameson Irish Whiskey,24.6,750,750,Whiskey,23.54,3,Pernod Ricard
1025,Jameson Irish Whiskey,25.5,750,750,Whiskey,22.48,3,Pernod Ricard
1025,Jameson Irish Whiskey,23.78,750,750,Whiskey,23.66,3,Pernod Ricard
1026,Glenfiddich 12yr,34.51,750,750,Scotch,33.49,1,Diageo
1026,Glenfiddich 12yr,35.96,750,750,Scotch,33.59,1,Diageo
1026,Glenfiddich 12yr,36.69,750,750,Scotch,33.31,1,Diageo
1026,Glenfiddich 12yr,35.97,750,750,Scotch,33.68,1,Diageo
1026,Glenfiddich 12yr,34.53,750,750,Scotch,32.24,1,Diageo
1026,Glenfiddich 12yr,36.69,750,750,Scotch,32.45,1,Diageo
1026,Glenfiddich 12yr,36.29,750,750,Scotch,32.87,1,Diageo
1026,Glenfiddich 12yr,36.11,750,750,Scotch,32.75,1,Diageo
1026,Glenfiddich 12yr,36.89,750,750,Scotch,32.51,1,Diageo
1026,Glenfiddich 12yr,36.73,750,750,Scotch,32.36,1,Diageo
1026,Glenfiddich 12yr,35.11,750,750,Scotch,31.98,1,Diageo
1026,Glenfiddich 12yr,34.89,750,750,Scotch,31.98,1,Diageo
1027,The Macallan 12yr,55.2,750,750,Scotch,51.33,1,Diageo
1027,The Macallan 12yr,53.27,750,750,Scotch,49.23,1,Diageo
1027,The Macallan 12yr,54.91,750,750,Scotch,51.19,1,Diageo
1027,The Macallan 12yr,57.62,750,750,Scotch,50.42,1,Diageo
1027,The Macallan 12yr,53.81,750,750,Scotch,48.79,1,Diageo
1027,The Macallan 12yr,53.32,750,750,Scotch,49.28,1,Diageo
1027,The Macallan 12yr,53.24,750,750,Scotch,48.45,1,Diageo
1027,The Macallan 12yr,55.19,750,750,Scotch,49.46,1,Diageo
1027,The Macallan 12yr,57.61,750,750,Scotch,50.53,1,Diageo
1027,The Macallan 12yr,56.09,750,750,Scotch,48.89,1,Diageo
1027,The Macallan 12yr,57.03,750,750,Scotch,50.29,1,Diageo
1027,The Macallan 12yr,57.05,750,750,Scotch,50.61,1,Diageo
1028,Belvedere Vodka,27.91,750,750,Vodka,25.5,1,Diageo
1028,Belvedere Vodka,27.12,750,750,Vodka,24.74,1,Diageo
1028,Belvedere Vodka,29.23,750,750,Vodka,25.58,1,Diageo
1028,Belvedere Vodka,28.9,750,750,Vodka,25.43,1,Diageo
1028,Belvedere Vodka,26.81,750,750,Vodka,25.87,1,Diageo
1028,Belvedere Vodka,26.75,750,750,Vodka,24.93,1,Diageo
1028,Belvedere Vodka,28.18,750,750,Vodka,25.24,1,Diageo
1028,Belvedere Vodka,29.38,750,750,Vodka,24.87,1,Diageo
1028,Belvedere Vodka,28.74,750,750,Vodka,25.83,1,Diageo
1028,Belvedere Vodka,28.81,750,750,Vodka,25.08,1,Diageo
1028,Belvedere Vodka,28.06,750,750,Vodka,25.52,1,Diageo
1028,Belvedere Vodka,27.84,750,750,Vodka,26.33,1,Diageo
1029,Don Julio Blanco,44.06,750,750,Tequila,37.86,1,Diageo
1029,Don Julio Blanco,42.51,750,750,Tequila,38.75,1,Diageo
1029,Don Julio Blanco,43.01,750,750,Tequila,39.75,1,Diageo
1029,Don Julio Blanco,40.77,750,750,Tequila,37.58,1,Diageo
1029,Don Julio Blanco,42.67,750,750,Tequila,37.42,1,Diageo
1029,Don Julio Blanco,40.63,750,750,Tequila,37.18,1,Diageo
1029,Don Julio Blanco,39.91,750,750,Tequila,38.28,1,Diageo
1029,Don Julio Blanco,42.39,750,750,Tequila,37.82,1,Diageo
1029,Don Julio Blanco,40.87,750,750,Tequila,39.04,1,Diageo
1029,Don Julio Blanco,42.85,750,750,Tequila,38.29,1,Diageo
1029,Don Julio Blanco,42.79,750,750,Tequila,39.68,1,Diageo
1029,Don Julio Blanco,43.21,750,750,Tequila,38.8,1,Diageo
1030,Casamigos Blanco,40.64,750,750,Tequila,37.81,1,Diageo
1030,Casamigos Blanco,39.7,750,750,Tequila,36.72,1,Diageo
1030,Casamigos Blanco,40.59,750,750,Tequila,37.74,1,Diageo
1030,Casamigos Blanco,41.31,750,750,Tequila,35.4,1,Diageo
1030,Casamigos Blanco,38.66,750,750,Tequila,36.06,1,Diageo
1030,Casamigos Blanco,41.0,750,750,Tequila,36.79,1,Diageo
1030,Casamigos Blanco,39.15,750,750,Tequila,35.55,1,Diageo
1030,Casamigos Blanco,40.75,750,750,Tequila,37.16,1,Diageo
1030,Casamigos Blanco,41.77,750,750,Tequila,36.6,1,Diageo
1030,Casamigos Blanco,39.98,750,750,Tequila,35.43,1,Diageo
1030,Casamigos Blanco,38.16,750,750,Tequila,36.41,1,Diageo
1030,Casamigos Blanco,39.29,750,750,Tequila,35.9,1,Diageo
